file,line,type,commit,author,date,time,timezone,datetime,depth,length
style.css,1,css,6be899c4,averma205,2025-01-16,02:33:00,-08:00,2025-01-16T02:33:00-08:00,0,5
style.css,2,css,84881880,averma205,2025-01-17,12:22:32,-08:00,2025-01-17T12:22:32-08:00,1,21
style.css,3,css,6be899c4,averma205,2025-01-16,02:33:00,-08:00,2025-01-16T02:33:00-08:00,0,0
style.css,4,css,009b61eb,averma205,2025-01-10,19:06:32,-08:00,2025-01-10T19:06:32-08:00,0,5
style.css,5,css,e0588756,averma205,2025-01-16,01:36:17,-08:00,2025-01-16T01:36:17-08:00,1,24
style.css,6,css,689956ce,averma205,2025-01-16,02:22:41,-08:00,2025-01-16T02:22:41-08:00,1,16
style.css,7,css,30340df3,averma205,2025-01-16,02:04:44,-08:00,2025-01-16T02:04:44-08:00,1,19
style.css,8,css,70395b1f,averma205,2025-01-17,18:35:35,-08:00,2025-01-17T18:35:35-08:00,1,14
style.css,9,css,009b61eb,averma205,2025-01-10,19:06:32,-08:00,2025-01-10T19:06:32-08:00,0,0
style.css,10,css,b9da57f4,averma205,2025-01-16,02:22:11,-08:00,2025-01-16T02:22:11-08:00,0,4
style.css,11,css,b92b38a8,averma205,2025-01-26,00:01:06,-08:00,2025-01-26T00:01:06-08:00,1,23
style.css,12,css,b92b38a8,averma205,2025-01-26,00:01:06,-08:00,2025-01-26T00:01:06-08:00,1,17
style.css,13,css,b92b38a8,averma205,2025-01-26,00:01:06,-08:00,2025-01-26T00:01:06-08:00,1,65
style.css,14,css,b9da57f4,averma205,2025-01-16,02:22:11,-08:00,2025-01-16T02:22:11-08:00,1,13
style.css,15,css,b9da57f4,averma205,2025-01-16,02:22:11,-08:00,2025-01-16T02:22:11-08:00,1,18
style.css,16,css,0bb178a3,averma205,2025-01-16,14:47:10,-08:00,2025-01-16T14:47:10-08:00,1,26
style.css,17,css,b92b38a8,averma205,2025-01-26,00:01:06,-08:00,2025-01-26T00:01:06-08:00,1,24
style.css,18,css,84881880,averma205,2025-01-17,12:22:32,-08:00,2025-01-17T12:22:32-08:00,1,19
style.css,19,css,b92b38a8,averma205,2025-01-26,00:01:06,-08:00,2025-01-26T00:01:06-08:00,1,40
style.css,20,css,b9da57f4,averma205,2025-01-16,02:22:11,-08:00,2025-01-16T02:22:11-08:00,1,2
style.css,21,css,84881880,averma205,2025-01-17,12:22:32,-08:00,2025-01-17T12:22:32-08:00,2,21
style.css,22,css,84881880,averma205,2025-01-17,12:22:32,-08:00,2025-01-17T12:22:32-08:00,2,14
style.css,23,css,b9da57f4,averma205,2025-01-16,02:22:11,-08:00,2025-01-16T02:22:11-08:00,2,7
style.css,24,css,82c0c672,averma205,2025-01-16,12:56:32,-08:00,2025-01-16T12:56:32-08:00,1,0
style.css,25,css,7ece672c,averma205,2025-01-17,16:31:13,-08:00,2025-01-17T16:31:13-08:00,1,10
style.css,26,css,84881880,averma205,2025-01-17,12:22:32,-08:00,2025-01-17T12:22:32-08:00,2,26
style.css,27,css,7ece672c,averma205,2025-01-17,16:31:13,-08:00,2025-01-17T16:31:13-08:00,2,26
style.css,28,css,b92b38a8,averma205,2025-01-26,00:01:06,-08:00,2025-01-26T00:01:06-08:00,2,40
style.css,29,css,5a0f1d82,averma205,2025-01-17,14:00:33,-08:00,2025-01-17T14:00:33-08:00,1,0
style.css,30,css,82c0c672,averma205,2025-01-16,12:56:32,-08:00,2025-01-16T12:56:32-08:00,1,8
style.css,31,css,b92b38a8,averma205,2025-01-26,00:01:06,-08:00,2025-01-26T00:01:06-08:00,2,41
style.css,32,css,84881880,averma205,2025-01-17,12:22:32,-08:00,2025-01-17T12:22:32-08:00,2,26
style.css,33,css,7ece672c,averma205,2025-01-17,16:31:13,-08:00,2025-01-17T16:31:13-08:00,2,26
style.css,34,css,b92b38a8,averma205,2025-01-26,00:01:06,-08:00,2025-01-26T00:01:06-08:00,2,34
style.css,35,css,b9da57f4,averma205,2025-01-16,02:22:11,-08:00,2025-01-16T02:22:11-08:00,1,0
style.css,36,css,b9da57f4,averma205,2025-01-16,02:22:11,-08:00,2025-01-16T02:22:11-08:00,0,0
style.css,37,css,c5ff233a,averma205,2025-01-16,14:04:02,-08:00,2025-01-16T14:04:02-08:00,0,5
style.css,38,css,84881880,averma205,2025-01-17,12:22:32,-08:00,2025-01-17T12:22:32-08:00,1,22
style.css,39,css,c5ff233a,averma205,2025-01-16,14:04:02,-08:00,2025-01-16T14:04:02-08:00,1,11
style.css,40,css,0bb178a3,averma205,2025-01-16,14:47:10,-08:00,2025-01-16T14:47:10-08:00,1,13
style.css,41,css,0bb178a3,averma205,2025-01-16,14:47:10,-08:00,2025-01-16T14:47:10-08:00,1,13
style.css,42,css,84881880,averma205,2025-01-17,12:22:32,-08:00,2025-01-17T12:22:32-08:00,1,30
style.css,43,css,1ac2a5fd,averma205,2025-01-17,19:13:02,-08:00,2025-01-17T19:13:02-08:00,1,19
style.css,44,css,84881880,averma205,2025-01-17,12:22:32,-08:00,2025-01-17T12:22:32-08:00,1,8
style.css,45,css,c5ff233a,averma205,2025-01-16,14:04:02,-08:00,2025-01-16T14:04:02-08:00,1,6
style.css,46,css,1ac2a5fd,averma205,2025-01-17,19:13:02,-08:00,2025-01-17T19:13:02-08:00,2,13
style.css,47,css,1ac2a5fd,averma205,2025-01-17,19:13:02,-08:00,2025-01-17T19:13:02-08:00,2,30
style.css,48,css,1ac2a5fd,averma205,2025-01-17,19:13:02,-08:00,2025-01-17T19:13:02-08:00,2,20
style.css,49,css,1ac2a5fd,averma205,2025-01-17,19:13:02,-08:00,2025-01-17T19:13:02-08:00,2,18
style.css,50,css,1ac2a5fd,averma205,2025-01-17,19:13:02,-08:00,2025-01-17T19:13:02-08:00,1,0
style.css,51,css,1ac2a5fd,averma205,2025-01-17,19:13:02,-08:00,2025-01-17T19:13:02-08:00,1,7
style.css,52,css,1ac2a5fd,averma205,2025-01-17,19:13:02,-08:00,2025-01-17T19:13:02-08:00,2,13
style.css,53,css,84881880,averma205,2025-01-17,12:22:32,-08:00,2025-01-17T12:22:32-08:00,2,18
style.css,54,css,c5ff233a,averma205,2025-01-16,14:04:02,-08:00,2025-01-16T14:04:02-08:00,1,0
style.css,55,css,c5ff233a,averma205,2025-01-16,14:04:02,-08:00,2025-01-16T14:04:02-08:00,0,0
style.css,56,css,84881880,averma205,2025-01-17,12:22:32,-08:00,2025-01-17T12:22:32-08:00,0,10
style.css,57,css,84881880,averma205,2025-01-17,12:22:32,-08:00,2025-01-17T12:22:32-08:00,1,13
style.css,58,css,84881880,averma205,2025-01-17,12:22:32,-08:00,2025-01-17T12:22:32-08:00,1,59
style.css,59,css,5a0f1d82,averma205,2025-01-17,14:00:33,-08:00,2025-01-17T14:00:33-08:00,1,8
style.css,60,css,5a0f1d82,averma205,2025-01-17,14:00:33,-08:00,2025-01-17T14:00:33-08:00,1,27
style.css,61,css,5a0f1d82,averma205,2025-01-17,14:00:33,-08:00,2025-01-17T14:00:33-08:00,1,8
style.css,62,css,5a0f1d82,averma205,2025-01-17,14:00:33,-08:00,2025-01-17T14:00:33-08:00,2,16
style.css,63,css,5a0f1d82,averma205,2025-01-17,14:00:33,-08:00,2025-01-17T14:00:33-08:00,1,0
style.css,64,css,5a0f1d82,averma205,2025-01-17,14:00:33,-08:00,2025-01-17T14:00:33-08:00,1,3
style.css,65,css,5a0f1d82,averma205,2025-01-17,14:00:33,-08:00,2025-01-17T14:00:33-08:00,2,9
style.css,66,css,5a0f1d82,averma205,2025-01-17,14:00:33,-08:00,2025-01-17T14:00:33-08:00,2,18
style.css,67,css,5a0f1d82,averma205,2025-01-17,14:00:33,-08:00,2025-01-17T14:00:33-08:00,1,0
style.css,68,css,5a0f1d82,averma205,2025-01-17,14:00:33,-08:00,2025-01-17T14:00:33-08:00,0,0
style.css,69,css,5a0f1d82,averma205,2025-01-17,14:00:33,-08:00,2025-01-17T14:00:33-08:00,0,3
style.css,70,css,5a0f1d82,averma205,2025-01-17,14:00:33,-08:00,2025-01-17T14:00:33-08:00,1,15
style.css,71,css,5a0f1d82,averma205,2025-01-17,14:00:33,-08:00,2025-01-17T14:00:33-08:00,0,0
style.css,72,css,7ece672c,averma205,2025-01-17,16:31:13,-08:00,2025-01-17T16:31:13-08:00,0,3
style.css,73,css,b92b38a8,averma205,2025-01-26,00:01:06,-08:00,2025-01-26T00:01:06-08:00,1,20
style.css,74,css,7ece672c,averma205,2025-01-17,16:31:13,-08:00,2025-01-17T16:31:13-08:00,0,0
style.css,75,css,5a0f1d82,averma205,2025-01-17,14:00:33,-08:00,2025-01-17T14:00:33-08:00,0,28
style.css,76,css,5a0f1d82,averma205,2025-01-17,14:00:33,-08:00,2025-01-17T14:00:33-08:00,1,16
style.css,77,css,5a0f1d82,averma205,2025-01-17,14:00:33,-08:00,2025-01-17T14:00:33-08:00,1,18
style.css,78,css,5a0f1d82,averma205,2025-01-17,14:00:33,-08:00,2025-01-17T14:00:33-08:00,0,0
style.css,79,css,5a0f1d82,averma205,2025-01-17,14:00:33,-08:00,2025-01-17T14:00:33-08:00,0,4
style.css,80,css,5a0f1d82,averma205,2025-01-17,14:00:33,-08:00,2025-01-17T14:00:33-08:00,1,11
style.css,81,css,5a0f1d82,averma205,2025-01-17,14:00:33,-08:00,2025-01-17T14:00:33-08:00,1,12
style.css,82,css,b92b38a8,averma205,2025-01-26,00:01:06,-08:00,2025-01-26T00:01:06-08:00,0,0
style.css,83,css,b92b38a8,averma205,2025-01-26,00:01:06,-08:00,2025-01-26T00:01:06-08:00,0,14
style.css,84,css,b92b38a8,averma205,2025-01-26,00:01:06,-08:00,2025-01-26T00:01:06-08:00,1,18
style.css,85,css,b92b38a8,averma205,2025-01-26,00:01:06,-08:00,2025-01-26T00:01:06-08:00,1,9
style.css,86,css,b92b38a8,averma205,2025-01-26,00:01:06,-08:00,2025-01-26T00:01:06-08:00,1,11
style.css,87,css,f136f621,averma205,2025-02-01,20:16:50,-08:00,2025-02-01T20:16:50-08:00,0,0
style.css,88,css,f136f621,averma205,2025-02-01,20:16:50,-08:00,2025-02-01T20:16:50-08:00,0,0
style.css,89,css,f136f621,averma205,2025-02-01,20:16:50,-08:00,2025-02-01T20:16:50-08:00,0,3
style.css,90,css,f136f621,averma205,2025-02-01,20:16:50,-08:00,2025-02-01T20:16:50-08:00,1,13
style.css,91,css,f136f621,averma205,2025-02-01,20:16:50,-08:00,2025-02-01T20:16:50-08:00,1,37
style.css,92,css,f136f621,averma205,2025-02-01,20:16:50,-08:00,2025-02-01T20:16:50-08:00,1,9
style.css,93,css,f136f621,averma205,2025-02-01,20:16:50,-08:00,2025-02-01T20:16:50-08:00,1,3
style.css,94,css,f136f621,averma205,2025-02-01,20:16:50,-08:00,2025-02-01T20:16:50-08:00,2,11
style.css,95,css,f136f621,averma205,2025-02-01,20:16:50,-08:00,2025-02-01T20:16:50-08:00,1,0
style.css,96,css,f136f621,averma205,2025-02-01,20:16:50,-08:00,2025-02-01T20:16:50-08:00,1,3
style.css,97,css,f136f621,averma205,2025-02-01,20:16:50,-08:00,2025-02-01T20:16:50-08:00,2,11
style.css,98,css,f136f621,averma205,2025-02-01,20:16:50,-08:00,2025-02-01T20:16:50-08:00,2,15
style.css,99,css,f136f621,averma205,2025-02-01,20:16:50,-08:00,2025-02-01T20:16:50-08:00,1,0
style.css,100,css,fe02dfeb,averma205,2025-02-08,19:16:29,-08:00,2025-02-08T19:16:29-08:00,0,0
style.css,101,css,fe02dfeb,averma205,2025-02-08,19:16:29,-08:00,2025-02-08T19:16:29-08:00,0,0
style.css,102,css,fe02dfeb,averma205,2025-02-08,19:16:29,-08:00,2025-02-08T19:16:29-08:00,0,15
style.css,103,css,fe02dfeb,averma205,2025-02-08,19:16:29,-08:00,2025-02-08T19:16:29-08:00,1,15
style.css,104,css,fe02dfeb,averma205,2025-02-08,19:16:29,-08:00,2025-02-08T19:16:29-08:00,1,17
style.css,105,css,fe02dfeb,averma205,2025-02-08,19:16:29,-08:00,2025-02-08T19:16:29-08:00,1,17
style.css,106,css,fe02dfeb,averma205,2025-02-08,19:16:29,-08:00,2025-02-08T19:16:29-08:00,0,0
style.css,107,css,fe02dfeb,averma205,2025-02-08,19:16:29,-08:00,2025-02-08T19:16:29-08:00,0,0
style.css,108,css,fe02dfeb,averma205,2025-02-08,19:16:29,-08:00,2025-02-08T19:16:29-08:00,0,8
style.css,109,css,fe02dfeb,averma205,2025-02-08,19:16:29,-08:00,2025-02-08T19:16:29-08:00,1,13
style.css,110,css,fe02dfeb,averma205,2025-02-08,19:16:29,-08:00,2025-02-08T19:16:29-08:00,1,30
style.css,111,css,fe02dfeb,averma205,2025-02-08,19:16:29,-08:00,2025-02-08T19:16:29-08:00,1,58
style.css,112,css,fe02dfeb,averma205,2025-02-08,19:16:29,-08:00,2025-02-08T19:16:29-08:00,1,19
style.css,113,css,fe02dfeb,averma205,2025-02-08,19:16:29,-08:00,2025-02-08T19:16:29-08:00,1,22
style.css,114,css,fe02dfeb,averma205,2025-02-08,19:16:29,-08:00,2025-02-08T19:16:29-08:00,1,12
style.css,115,css,fe02dfeb,averma205,2025-02-08,19:16:29,-08:00,2025-02-08T19:16:29-08:00,1,11
style.css,116,css,fe02dfeb,averma205,2025-02-08,19:16:29,-08:00,2025-02-08T19:16:29-08:00,1,7
style.css,117,css,fe02dfeb,averma205,2025-02-08,19:16:29,-08:00,2025-02-08T19:16:29-08:00,1,8
style.css,118,css,fe02dfeb,averma205,2025-02-08,19:16:29,-08:00,2025-02-08T19:16:29-08:00,1,3
style.css,119,css,fe02dfeb,averma205,2025-02-08,19:16:29,-08:00,2025-02-08T19:16:29-08:00,2,13
style.css,120,css,fe02dfeb,averma205,2025-02-08,19:16:29,-08:00,2025-02-08T19:16:29-08:00,2,19
style.css,121,css,fe02dfeb,averma205,2025-02-08,19:16:29,-08:00,2025-02-08T19:16:29-08:00,2,8
style.css,122,css,fe02dfeb,averma205,2025-02-08,19:16:29,-08:00,2025-02-08T19:16:29-08:00,1,0
style.css,123,css,fe02dfeb,averma205,2025-02-08,19:16:29,-08:00,2025-02-08T19:16:29-08:00,0,0
style.css,124,css,fe02dfeb,averma205,2025-02-08,19:16:29,-08:00,2025-02-08T19:16:29-08:00,0,8
style.css,125,css,fe02dfeb,averma205,2025-02-08,19:16:29,-08:00,2025-02-08T19:16:29-08:00,1,21
style.css,126,css,fe02dfeb,averma205,2025-02-08,19:16:29,-08:00,2025-02-08T19:16:29-08:00,1,19
style.css,127,css,fe02dfeb,averma205,2025-02-08,19:16:29,-08:00,2025-02-08T19:16:29-08:00,1,11
style.css,128,css,fe02dfeb,averma205,2025-02-08,19:16:29,-08:00,2025-02-08T19:16:29-08:00,1,12
style.css,129,css,fe02dfeb,averma205,2025-02-08,19:16:29,-08:00,2025-02-08T19:16:29-08:00,1,30
style.css,130,css,fe02dfeb,averma205,2025-02-08,19:16:29,-08:00,2025-02-08T19:16:29-08:00,1,18
style.css,131,css,fe02dfeb,averma205,2025-02-08,19:16:29,-08:00,2025-02-08T19:16:29-08:00,1,11
style.css,132,css,fe02dfeb,averma205,2025-02-08,19:16:29,-08:00,2025-02-08T19:16:29-08:00,0,0
style.css,133,css,fe02dfeb,averma205,2025-02-08,19:16:29,-08:00,2025-02-08T19:16:29-08:00,0,5
style.css,134,css,fe02dfeb,averma205,2025-02-08,19:16:29,-08:00,2025-02-08T19:16:29-08:00,1,21
style.css,135,css,fe02dfeb,averma205,2025-02-08,19:16:29,-08:00,2025-02-08T19:16:29-08:00,0,0
style.css,136,css,fe02dfeb,averma205,2025-02-08,19:16:29,-08:00,2025-02-08T19:16:29-08:00,0,11
style.css,137,css,fe02dfeb,averma205,2025-02-08,19:16:29,-08:00,2025-02-08T19:16:29-08:00,1,13
style.css,138,css,fe02dfeb,averma205,2025-02-08,19:16:29,-08:00,2025-02-08T19:16:29-08:00,1,19
style.css,139,css,fe02dfeb,averma205,2025-02-08,19:16:29,-08:00,2025-02-08T19:16:29-08:00,1,8
style.css,140,css,fe02dfeb,averma205,2025-02-08,19:16:29,-08:00,2025-02-08T19:16:29-08:00,0,0
style.css,141,css,fe02dfeb,averma205,2025-02-08,19:16:29,-08:00,2025-02-08T19:16:29-08:00,0,18
style.css,142,css,fe02dfeb,averma205,2025-02-08,19:16:29,-08:00,2025-02-08T19:16:29-08:00,1,17
style.css,143,css,fe02dfeb,averma205,2025-02-08,19:16:29,-08:00,2025-02-08T19:16:29-08:00,1,12
style.css,144,css,fe02dfeb,averma205,2025-02-08,19:16:29,-08:00,2025-02-08T19:16:29-08:00,1,0
style.css,145,css,fe02dfeb,averma205,2025-02-08,19:16:29,-08:00,2025-02-08T19:16:29-08:00,0,0
style.css,146,css,fe02dfeb,averma205,2025-02-08,19:16:29,-08:00,2025-02-08T19:16:29-08:00,0,5
style.css,147,css,fe02dfeb,averma205,2025-02-08,19:16:29,-08:00,2025-02-08T19:16:29-08:00,1,17
style.css,148,css,fe02dfeb,averma205,2025-02-08,19:16:29,-08:00,2025-02-08T19:16:29-08:00,1,15
style.css,149,css,fe02dfeb,averma205,2025-02-08,19:16:29,-08:00,2025-02-08T19:16:29-08:00,0,0
style.css,150,css,fe02dfeb,averma205,2025-02-08,19:16:29,-08:00,2025-02-08T19:16:29-08:00,0,10
style.css,151,css,fe02dfeb,averma205,2025-02-08,19:16:29,-08:00,2025-02-08T19:16:29-08:00,1,36
style.css,152,css,fe02dfeb,averma205,2025-02-08,19:16:29,-08:00,2025-02-08T19:16:29-08:00,0,0
style.css,153,css,fe02dfeb,averma205,2025-02-08,19:16:29,-08:00,2025-02-08T19:16:29-08:00,1,11
style.css,154,css,fe02dfeb,averma205,2025-02-08,19:16:29,-08:00,2025-02-08T19:16:29-08:00,1,18
style.css,155,css,fe02dfeb,averma205,2025-02-08,19:16:29,-08:00,2025-02-08T19:16:29-08:00,1,0
style.css,156,css,3da9d3a5,averma205,2025-02-14,23:50:20,-08:00,2025-02-14T23:50:20-08:00,0,0
style.css,157,css,3da9d3a5,averma205,2025-02-14,23:50:20,-08:00,2025-02-14T23:50:20-08:00,0,0
style.css,158,css,3da9d3a5,averma205,2025-02-14,23:50:20,-08:00,2025-02-14T23:50:20-08:00,0,7
style.css,159,css,3da9d3a5,averma205,2025-02-14,23:50:20,-08:00,2025-02-14T23:50:20-08:00,1,17
style.css,160,css,3da9d3a5,averma205,2025-02-14,23:50:20,-08:00,2025-02-14T23:50:20-08:00,1,24
style.css,161,css,3da9d3a5,averma205,2025-02-14,23:50:20,-08:00,2025-02-14T23:50:20-08:00,1,23
style.css,162,css,3da9d3a5,averma205,2025-02-14,23:50:20,-08:00,2025-02-14T23:50:20-08:00,1,17
style.css,163,css,3da9d3a5,averma205,2025-02-14,23:50:20,-08:00,2025-02-14T23:50:20-08:00,0,0
style.css,164,css,2d628cf5,averma205,2025-02-15,22:23:28,-08:00,2025-02-15T22:23:28-08:00,0,16
style.css,165,css,2d628cf5,averma205,2025-02-15,22:23:28,-08:00,2025-02-15T22:23:28-08:00,1,13
style.css,166,css,2d628cf5,averma205,2025-02-15,22:23:28,-08:00,2025-02-15T22:23:28-08:00,0,0
style.css,167,css,3da9d3a5,averma205,2025-02-14,23:50:20,-08:00,2025-02-14T23:50:20-08:00,0,13
style.css,168,css,3da9d3a5,averma205,2025-02-14,23:50:20,-08:00,2025-02-14T23:50:20-08:00,1,21
style.css,169,css,3da9d3a5,averma205,2025-02-14,23:50:20,-08:00,2025-02-14T23:50:20-08:00,0,0
style.css,170,css,3da9d3a5,averma205,2025-02-14,23:50:20,-08:00,2025-02-14T23:50:20-08:00,0,0
style.css,171,css,3da9d3a5,averma205,2025-02-14,23:50:20,-08:00,2025-02-14T23:50:20-08:00,0,8
style.css,172,css,3da9d3a5,averma205,2025-02-14,23:50:20,-08:00,2025-02-14T23:50:20-08:00,0,25
style.css,173,css,3da9d3a5,averma205,2025-02-14,23:50:20,-08:00,2025-02-14T23:50:20-08:00,0,26
style.css,174,css,3da9d3a5,averma205,2025-02-14,23:50:20,-08:00,2025-02-14T23:50:20-08:00,0,40
style.css,175,css,3da9d3a5,averma205,2025-02-14,23:50:20,-08:00,2025-02-14T23:50:20-08:00,0,0
style.css,176,css,3da9d3a5,averma205,2025-02-14,23:50:20,-08:00,2025-02-14T23:50:20-08:00,0,0
style.css,177,css,3da9d3a5,averma205,2025-02-14,23:50:20,-08:00,2025-02-14T23:50:20-08:00,0,43
style.css,178,css,3da9d3a5,averma205,2025-02-14,23:50:20,-08:00,2025-02-14T23:50:20-08:00,0,10
style.css,179,css,3da9d3a5,averma205,2025-02-14,23:50:20,-08:00,2025-02-14T23:50:20-08:00,0,18
style.css,180,css,3da9d3a5,averma205,2025-02-14,23:50:20,-08:00,2025-02-14T23:50:20-08:00,0,0
style.css,181,css,2d628cf5,averma205,2025-02-15,22:23:28,-08:00,2025-02-15T22:23:28-08:00,0,9
style.css,182,css,2d628cf5,averma205,2025-02-15,22:23:28,-08:00,2025-02-15T22:23:28-08:00,1,13
style.css,183,css,2d628cf5,averma205,2025-02-15,22:23:28,-08:00,2025-02-15T22:23:28-08:00,1,3
style.css,184,css,2d628cf5,averma205,2025-02-15,22:23:28,-08:00,2025-02-15T22:23:28-08:00,2,18
style.css,185,css,2d628cf5,averma205,2025-02-15,22:23:28,-08:00,2025-02-15T22:23:28-08:00,2,15
style.css,186,css,2d628cf5,averma205,2025-02-15,22:23:28,-08:00,2025-02-15T22:23:28-08:00,1,0
style.css,187,css,2d628cf5,averma205,2025-02-15,22:23:28,-08:00,2025-02-15T22:23:28-08:00,0,0
style.css,188,css,3da9d3a5,averma205,2025-02-14,23:50:20,-08:00,2025-02-14T23:50:20-08:00,0,11
style.css,189,css,3da9d3a5,averma205,2025-02-14,23:50:20,-08:00,2025-02-14T23:50:20-08:00,1,17
style.css,190,css,2d628cf5,averma205,2025-02-15,22:23:28,-08:00,2025-02-15T22:23:28-08:00,1,13
style.css,191,css,3da9d3a5,averma205,2025-02-14,23:50:20,-08:00,2025-02-14T23:50:20-08:00,0,0
style.css,192,css,3da9d3a5,averma205,2025-02-14,23:50:20,-08:00,2025-02-14T23:50:20-08:00,0,0
style.css,193,css,2d628cf5,averma205,2025-02-15,22:23:28,-08:00,2025-02-15T22:23:28-08:00,0,0
style.css,194,css,2d628cf5,averma205,2025-02-15,22:23:28,-08:00,2025-02-15T22:23:28-08:00,0,0
style.css,195,css,3da9d3a5,averma205,2025-02-14,23:50:20,-08:00,2025-02-14T23:50:20-08:00,0,25
style.css,196,css,3da9d3a5,averma205,2025-02-14,23:50:20,-08:00,2025-02-14T23:50:20-08:00,1,3
style.css,197,css,3da9d3a5,averma205,2025-02-14,23:50:20,-08:00,2025-02-14T23:50:20-08:00,1,33
style.css,198,css,3da9d3a5,averma205,2025-02-14,23:50:20,-08:00,2025-02-14T23:50:20-08:00,1,0
style.css,199,css,3da9d3a5,averma205,2025-02-14,23:50:20,-08:00,2025-02-14T23:50:20-08:00,0,0
style.css,200,css,3da9d3a5,averma205,2025-02-14,23:50:20,-08:00,2025-02-14T23:50:20-08:00,0,0
style.css,201,css,3da9d3a5,averma205,2025-02-14,23:50:20,-08:00,2025-02-14T23:50:20-08:00,0,11
style.css,202,css,3da9d3a5,averma205,2025-02-14,23:50:20,-08:00,2025-02-14T23:50:20-08:00,1,17
style.css,203,css,3da9d3a5,averma205,2025-02-14,23:50:20,-08:00,2025-02-14T23:50:20-08:00,1,13
style.css,204,css,3da9d3a5,averma205,2025-02-14,23:50:20,-08:00,2025-02-14T23:50:20-08:00,1,19
style.css,205,css,3da9d3a5,averma205,2025-02-14,23:50:20,-08:00,2025-02-14T23:50:20-08:00,1,21
style.css,206,css,3da9d3a5,averma205,2025-02-14,23:50:20,-08:00,2025-02-14T23:50:20-08:00,1,43
style.css,207,css,3da9d3a5,averma205,2025-02-14,23:50:20,-08:00,2025-02-14T23:50:20-08:00,0,0
index.js,1,js,f136f621,averma205,2025-02-01,20:16:50,-08:00,2025-02-01T20:16:50-08:00,0,72
index.js,2,js,f136f621,averma205,2025-02-01,20:16:50,-08:00,2025-02-01T20:16:50-08:00,0,0
index.js,3,js,f136f621,averma205,2025-02-01,20:16:50,-08:00,2025-02-01T20:16:50-08:00,0,55
index.js,4,js,f136f621,averma205,2025-02-01,20:16:50,-08:00,2025-02-01T20:16:50-08:00,0,43
index.js,5,js,f136f621,averma205,2025-02-01,20:16:50,-08:00,2025-02-01T20:16:50-08:00,0,61
index.js,6,js,f136f621,averma205,2025-02-01,20:16:50,-08:00,2025-02-01T20:16:50-08:00,0,59
index.js,7,js,f136f621,averma205,2025-02-01,20:16:50,-08:00,2025-02-01T20:16:50-08:00,0,61
index.js,8,js,f136f621,averma205,2025-02-01,20:16:50,-08:00,2025-02-01T20:16:50-08:00,0,0
index.js,9,js,f136f621,averma205,2025-02-01,20:16:50,-08:00,2025-02-01T20:16:50-08:00,0,55
index.js,10,js,f136f621,averma205,2025-02-01,20:16:50,-08:00,2025-02-01T20:16:50-08:00,0,18
index.js,11,js,f136f621,averma205,2025-02-01,20:16:50,-08:00,2025-02-01T20:16:50-08:00,0,25
index.js,12,js,f136f621,averma205,2025-02-01,20:16:50,-08:00,2025-02-01T20:16:50-08:00,0,3
index.js,13,js,f136f621,averma205,2025-02-01,20:16:50,-08:00,2025-02-01T20:16:50-08:00,0,56
index.js,14,js,f136f621,averma205,2025-02-01,20:16:50,-08:00,2025-02-01T20:16:50-08:00,0,56
index.js,15,js,f136f621,averma205,2025-02-01,20:16:50,-08:00,2025-02-01T20:16:50-08:00,0,50
index.js,16,js,f136f621,averma205,2025-02-01,20:16:50,-08:00,2025-02-01T20:16:50-08:00,0,50
index.js,17,js,f136f621,averma205,2025-02-01,20:16:50,-08:00,2025-02-01T20:16:50-08:00,0,4
index.js,18,js,f136f621,averma205,2025-02-01,20:16:50,-08:00,2025-02-01T20:16:50-08:00,0,1
index.js,19,js,f136f621,averma205,2025-02-01,20:16:50,-08:00,2025-02-01T20:16:50-08:00,0,0
index.html,1,html,097b8e45,averma205,2025-01-10,18:59:36,-08:00,2025-01-10T18:59:36-08:00,0,14
index.html,2,html,097b8e45,averma205,2025-01-10,18:59:36,-08:00,2025-01-10T18:59:36-08:00,0,0
index.html,3,html,27e1fcaa,averma205,2025-01-28,18:17:12,-08:00,2025-01-28T18:17:12-08:00,0,28
index.html,4,html,9c82c32a,averma205,2025-01-10,20:57:37,-08:00,2025-01-10T20:57:37-08:00,0,5
index.html,5,html,84881880,averma205,2025-01-17,12:22:32,-08:00,2025-01-17T12:22:32-08:00,1,24
index.html,6,html,4567af69,averma205,2025-01-16,01:03:24,-08:00,2025-01-16T01:03:24-08:00,1,39
index.html,7,html,b92b38a8,averma205,2025-01-26,00:01:06,-08:00,2025-01-26T00:01:06-08:00,1,46
index.html,8,html,f136f621,averma205,2025-02-01,20:16:50,-08:00,2025-02-01T20:16:50-08:00,1,51
index.html,9,html,9c82c32a,averma205,2025-01-10,20:57:37,-08:00,2025-01-10T20:57:37-08:00,0,6
index.html,10,html,9c82c32a,averma205,2025-01-10,20:57:37,-08:00,2025-01-10T20:57:37-08:00,0,0
index.html,11,html,2ad12f19,averma205,2025-01-10,19:29:14,-08:00,2025-01-10T19:29:14-08:00,0,5
index.html,12,html,2ad12f19,averma205,2025-01-10,19:29:14,-08:00,2025-01-10T19:29:14-08:00,1,18
index.html,13,html,84881880,averma205,2025-01-17,12:22:32,-08:00,2025-01-17T12:22:32-08:00,1,79
index.html,14,html,9199a736,averma205,2025-01-16,00:32:02,-08:00,2025-01-16T00:32:02-08:00,1,449
index.html,15,html,9199a736,averma205,2025-01-16,00:32:02,-08:00,2025-01-16T00:32:02-08:00,0,0
index.html,16,html,9199a736,averma205,2025-01-16,00:32:02,-08:00,2025-01-16T00:32:02-08:00,0,218
index.html,17,html,f7485725,averma205,2025-01-10,21:06:39,-08:00,2025-01-10T21:06:39-08:00,1,84
index.html,18,html,f136f621,averma205,2025-02-01,20:16:50,-08:00,2025-02-01T20:16:50-08:00,1,27
index.html,19,html,f136f621,averma205,2025-02-01,20:16:50,-08:00,2025-02-01T20:16:50-08:00,1,26
index.html,20,html,f136f621,averma205,2025-02-01,20:16:50,-08:00,2025-02-01T20:16:50-08:00,1,29
index.html,21,html,2ad12f19,averma205,2025-01-10,19:29:14,-08:00,2025-01-10T19:29:14-08:00,0,6
index.html,22,html,27e1fcaa,averma205,2025-01-28,18:17:12,-08:00,2025-01-28T18:17:12-08:00,0,6
global.js,1,js,21f8e2b5,averma205,2025-01-23,15:16:27,-08:00,2025-01-23T15:16:27-08:00,0,42
global.js,2,js,21f8e2b5,averma205,2025-01-23,15:16:27,-08:00,2025-01-23T15:16:27-08:00,0,53
global.js,3,js,21f8e2b5,averma205,2025-01-23,15:16:27,-08:00,2025-01-23T15:16:27-08:00,0,0
global.js,4,js,b92b38a8,averma205,2025-01-26,00:01:06,-08:00,2025-01-26T00:01:06-08:00,0,0
global.js,5,js,b92b38a8,averma205,2025-01-26,00:01:06,-08:00,2025-01-26T00:01:06-08:00,0,29
global.js,6,js,b92b38a8,averma205,2025-01-26,00:01:06,-08:00,2025-01-26T00:01:06-08:00,0,34
global.js,7,js,b92b38a8,averma205,2025-01-26,00:01:06,-08:00,2025-01-26T00:01:06-08:00,0,71
global.js,8,js,b92b38a8,averma205,2025-01-26,00:01:06,-08:00,2025-01-26T00:01:06-08:00,0,4
global.js,9,js,b92b38a8,averma205,2025-01-26,00:01:06,-08:00,2025-01-26T00:01:06-08:00,0,39
global.js,10,js,b92b38a8,averma205,2025-01-26,00:01:06,-08:00,2025-01-26T00:01:06-08:00,0,0
global.js,11,js,b92b38a8,averma205,2025-01-26,00:01:06,-08:00,2025-01-26T00:01:06-08:00,0,71
global.js,12,js,b92b38a8,averma205,2025-01-26,00:01:06,-08:00,2025-01-26T00:01:06-08:00,0,12
global.js,13,js,b92b38a8,averma205,2025-01-26,00:01:06,-08:00,2025-01-26T00:01:06-08:00,0,26
global.js,14,js,b92b38a8,averma205,2025-01-26,00:01:06,-08:00,2025-01-26T00:01:06-08:00,0,37
global.js,15,js,b92b38a8,averma205,2025-01-26,00:01:06,-08:00,2025-01-26T00:01:06-08:00,0,39
global.js,16,js,b92b38a8,averma205,2025-01-26,00:01:06,-08:00,2025-01-26T00:01:06-08:00,0,35
global.js,17,js,53945652,averma205,2025-02-14,20:23:00,-08:00,2025-02-14T20:23:00-08:00,0,31
global.js,18,js,b92b38a8,averma205,2025-01-26,00:01:06,-08:00,2025-01-26T00:01:06-08:00,0,55
global.js,19,js,b92b38a8,averma205,2025-01-26,00:01:06,-08:00,2025-01-26T00:01:06-08:00,0,1
global.js,20,js,b92b38a8,averma205,2025-01-26,00:01:06,-08:00,2025-01-26T00:01:06-08:00,0,0
global.js,21,js,b92b38a8,averma205,2025-01-26,00:01:06,-08:00,2025-01-26T00:01:06-08:00,0,39
global.js,22,js,b92b38a8,averma205,2025-01-26,00:01:06,-08:00,2025-01-26T00:01:06-08:00,0,26
global.js,23,js,b92b38a8,averma205,2025-01-26,00:01:06,-08:00,2025-01-26T00:01:06-08:00,0,21
global.js,24,js,b92b38a8,averma205,2025-01-26,00:01:06,-08:00,2025-01-26T00:01:06-08:00,0,15
global.js,25,js,b92b38a8,averma205,2025-01-26,00:01:06,-08:00,2025-01-26T00:01:06-08:00,0,19
global.js,26,js,b92b38a8,averma205,2025-01-26,00:01:06,-08:00,2025-01-26T00:01:06-08:00,0,65
global.js,27,js,b92b38a8,averma205,2025-01-26,00:01:06,-08:00,2025-01-26T00:01:06-08:00,0,35
global.js,28,js,b92b38a8,averma205,2025-01-26,00:01:06,-08:00,2025-01-26T00:01:06-08:00,0,12
global.js,29,js,b92b38a8,averma205,2025-01-26,00:01:06,-08:00,2025-01-26T00:01:06-08:00,0,21
global.js,30,js,b92b38a8,averma205,2025-01-26,00:01:06,-08:00,2025-01-26T00:01:06-08:00,0,13
global.js,31,js,b92b38a8,averma205,2025-01-26,00:01:06,-08:00,2025-01-26T00:01:06-08:00,0,66
global.js,32,js,b92b38a8,averma205,2025-01-26,00:01:06,-08:00,2025-01-26T00:01:06-08:00,0,26
global.js,33,js,b92b38a8,averma205,2025-01-26,00:01:06,-08:00,2025-01-26T00:01:06-08:00,0,0
global.js,34,js,b92b38a8,averma205,2025-01-26,00:01:06,-08:00,2025-01-26T00:01:06-08:00,0,5
global.js,35,js,b92b38a8,averma205,2025-01-26,00:01:06,-08:00,2025-01-26T00:01:06-08:00,0,17
global.js,36,js,b92b38a8,averma205,2025-01-26,00:01:06,-08:00,2025-01-26T00:01:06-08:00,0,0
global.js,37,js,b92b38a8,averma205,2025-01-26,00:01:06,-08:00,2025-01-26T00:01:06-08:00,0,0
global.js,38,js,b92b38a8,averma205,2025-01-26,00:01:06,-08:00,2025-01-26T00:01:06-08:00,0,0
global.js,39,js,b92b38a8,averma205,2025-01-26,00:01:06,-08:00,2025-01-26T00:01:06-08:00,0,32
global.js,40,js,b92b38a8,averma205,2025-01-26,00:01:06,-08:00,2025-01-26T00:01:06-08:00,0,12
global.js,41,js,b92b38a8,averma205,2025-01-26,00:01:06,-08:00,2025-01-26T00:01:06-08:00,0,0
global.js,42,js,b92b38a8,averma205,2025-01-26,00:01:06,-08:00,2025-01-26T00:01:06-08:00,1,33
global.js,43,js,b92b38a8,averma205,2025-01-26,00:01:06,-08:00,2025-01-26T00:01:06-08:00,2,31
global.js,44,js,b92b38a8,averma205,2025-01-26,00:01:06,-08:00,2025-01-26T00:01:06-08:00,0,44
global.js,45,js,b92b38a8,averma205,2025-01-26,00:01:06,-08:00,2025-01-26T00:01:06-08:00,0,35
global.js,46,js,b92b38a8,averma205,2025-01-26,00:01:06,-08:00,2025-01-26T00:01:06-08:00,0,33
global.js,47,js,b92b38a8,averma205,2025-01-26,00:01:06,-08:00,2025-01-26T00:01:06-08:00,2,8
global.js,48,js,b92b38a8,averma205,2025-01-26,00:01:06,-08:00,2025-01-26T00:01:06-08:00,1,8
global.js,49,js,b92b38a8,averma205,2025-01-26,00:01:06,-08:00,2025-01-26T00:01:06-08:00,0,1
global.js,50,js,b92b38a8,averma205,2025-01-26,00:01:06,-08:00,2025-01-26T00:01:06-08:00,0,52
global.js,51,js,b92b38a8,averma205,2025-01-26,00:01:06,-08:00,2025-01-26T00:01:06-08:00,0,49
global.js,52,js,b92b38a8,averma205,2025-01-26,00:01:06,-08:00,2025-01-26T00:01:06-08:00,0,78
global.js,53,js,b92b38a8,averma205,2025-01-26,00:01:06,-08:00,2025-01-26T00:01:06-08:00,0,45
global.js,54,js,b92b38a8,averma205,2025-01-26,00:01:06,-08:00,2025-01-26T00:01:06-08:00,0,33
global.js,55,js,b92b38a8,averma205,2025-01-26,00:01:06,-08:00,2025-01-26T00:01:06-08:00,0,2
global.js,56,js,b92b38a8,averma205,2025-01-26,00:01:06,-08:00,2025-01-26T00:01:06-08:00,0,35
global.js,57,js,b92b38a8,averma205,2025-01-26,00:01:06,-08:00,2025-01-26T00:01:06-08:00,0,95
global.js,58,js,b92b38a8,averma205,2025-01-26,00:01:06,-08:00,2025-01-26T00:01:06-08:00,0,50
global.js,59,js,f136f621,averma205,2025-02-01,20:16:50,-08:00,2025-02-01T20:16:50-08:00,0,0
global.js,60,js,f136f621,averma205,2025-02-01,20:16:50,-08:00,2025-02-01T20:16:50-08:00,0,0
global.js,61,js,f136f621,averma205,2025-02-01,20:16:50,-08:00,2025-02-01T20:16:50-08:00,0,37
global.js,62,js,f136f621,averma205,2025-02-01,20:16:50,-08:00,2025-02-01T20:16:50-08:00,0,4
global.js,63,js,f136f621,averma205,2025-02-01,20:16:50,-08:00,2025-02-01T20:16:50-08:00,0,40
global.js,64,js,f136f621,averma205,2025-02-01,20:16:50,-08:00,2025-02-01T20:16:50-08:00,0,33
global.js,65,js,f136f621,averma205,2025-02-01,20:16:50,-08:00,2025-02-01T20:16:50-08:00,0,18
global.js,66,js,f136f621,averma205,2025-02-01,20:16:50,-08:00,2025-02-01T20:16:50-08:00,0,67
global.js,67,js,f136f621,averma205,2025-02-01,20:16:50,-08:00,2025-02-01T20:16:50-08:00,0,0
global.js,68,js,f136f621,averma205,2025-02-01,20:16:50,-08:00,2025-02-01T20:16:50-08:00,0,34
global.js,69,js,f136f621,averma205,2025-02-01,20:16:50,-08:00,2025-02-01T20:16:50-08:00,0,11
global.js,70,js,f136f621,averma205,2025-02-01,20:16:50,-08:00,2025-02-01T20:16:50-08:00,0,0
global.js,71,js,f136f621,averma205,2025-02-01,20:16:50,-08:00,2025-02-01T20:16:50-08:00,0,16
global.js,72,js,f136f621,averma205,2025-02-01,20:16:50,-08:00,2025-02-01T20:16:50-08:00,0,60
global.js,73,js,f136f621,averma205,2025-02-01,20:16:50,-08:00,2025-02-01T20:16:50-08:00,0,0
global.js,74,js,f136f621,averma205,2025-02-01,20:16:50,-08:00,2025-02-01T20:16:50-08:00,0,0
global.js,75,js,f136f621,averma205,2025-02-01,20:16:50,-08:00,2025-02-01T20:16:50-08:00,0,0
global.js,76,js,f136f621,averma205,2025-02-01,20:16:50,-08:00,2025-02-01T20:16:50-08:00,0,79
global.js,77,js,f136f621,averma205,2025-02-01,20:16:50,-08:00,2025-02-01T20:16:50-08:00,0,31
global.js,78,js,f136f621,averma205,2025-02-01,20:16:50,-08:00,2025-02-01T20:16:50-08:00,0,21
global.js,79,js,f136f621,averma205,2025-02-01,20:16:50,-08:00,2025-02-01T20:16:50-08:00,0,49
global.js,80,js,f136f621,averma205,2025-02-01,20:16:50,-08:00,2025-02-01T20:16:50-08:00,0,20
global.js,81,js,f136f621,averma205,2025-02-01,20:16:50,-08:00,2025-02-01T20:16:50-08:00,0,18
global.js,82,js,f136f621,averma205,2025-02-01,20:16:50,-08:00,2025-02-01T20:16:50-08:00,0,38
global.js,83,js,f136f621,averma205,2025-02-01,20:16:50,-08:00,2025-02-01T20:16:50-08:00,0,22
global.js,84,js,fe02dfeb,averma205,2025-02-08,19:16:29,-08:00,2025-02-08T19:16:29-08:00,0,32
global.js,85,js,f136f621,averma205,2025-02-01,20:16:50,-08:00,2025-02-01T20:16:50-08:00,0,1
global.js,86,js,f136f621,averma205,2025-02-01,20:16:50,-08:00,2025-02-01T20:16:50-08:00,0,37
global.js,87,js,f136f621,averma205,2025-02-01,20:16:50,-08:00,2025-02-01T20:16:50-08:00,0,2
global.js,88,js,f136f621,averma205,2025-02-01,20:16:50,-08:00,2025-02-01T20:16:50-08:00,0,0
global.js,89,js,f136f621,averma205,2025-02-01,20:16:50,-08:00,2025-02-01T20:16:50-08:00,0,0
global.js,90,js,f136f621,averma205,2025-02-01,20:16:50,-08:00,2025-02-01T20:16:50-08:00,0,48
global.js,91,js,f136f621,averma205,2025-02-01,20:16:50,-08:00,2025-02-01T20:16:50-08:00,0,58
global.js,92,js,b92b38a8,averma205,2025-01-26,00:01:06,-08:00,2025-01-26T00:01:06-08:00,0,0
resume/index.html,1,html,401fd6c7,averma205,2025-01-10,20:39:01,-08:00,2025-01-10T20:39:01-08:00,0,5
resume/index.html,2,html,401fd6c7,averma205,2025-01-10,20:39:01,-08:00,2025-01-10T20:39:01-08:00,0,24
resume/index.html,3,html,9496b700,averma205,2025-01-16,13:26:21,-08:00,2025-01-16T13:26:21-08:00,0,42
resume/index.html,4,html,b92b38a8,averma205,2025-01-26,00:01:06,-08:00,2025-01-26T00:01:06-08:00,0,49
resume/index.html,5,html,401fd6c7,averma205,2025-01-10,20:39:01,-08:00,2025-01-10T20:39:01-08:00,0,6
resume/index.html,6,html,401fd6c7,averma205,2025-01-10,20:39:01,-08:00,2025-01-10T20:39:01-08:00,0,0
resume/index.html,7,html,401fd6c7,averma205,2025-01-10,20:39:01,-08:00,2025-01-10T20:39:01-08:00,0,5
resume/index.html,8,html,6aafe8d2,averma205,2025-01-10,21:10:03,-08:00,2025-01-10T21:10:03-08:00,0,14
resume/index.html,9,html,a7af2da8,averma205,2025-01-10,20:50:06,-08:00,2025-01-10T20:50:06-08:00,0,18
resume/index.html,10,html,2678d7ef,averma205,2025-01-10,20:46:57,-08:00,2025-01-10T20:46:57-08:00,0,87
resume/index.html,11,html,401fd6c7,averma205,2025-01-10,20:39:01,-08:00,2025-01-10T20:39:01-08:00,0,224
resume/index.html,12,html,2678d7ef,averma205,2025-01-10,20:46:57,-08:00,2025-01-10T20:46:57-08:00,0,78
resume/index.html,13,html,401fd6c7,averma205,2025-01-10,20:39:01,-08:00,2025-01-10T20:39:01-08:00,0,223
resume/index.html,14,html,2678d7ef,averma205,2025-01-10,20:46:57,-08:00,2025-01-10T20:46:57-08:00,0,84
resume/index.html,15,html,401fd6c7,averma205,2025-01-10,20:39:01,-08:00,2025-01-10T20:39:01-08:00,0,291
resume/index.html,16,html,401fd6c7,averma205,2025-01-10,20:39:01,-08:00,2025-01-10T20:39:01-08:00,0,93
resume/index.html,17,html,401fd6c7,averma205,2025-01-10,20:39:01,-08:00,2025-01-10T20:39:01-08:00,0,102
resume/index.html,18,html,7d532fe5,averma205,2025-01-10,21:21:34,-08:00,2025-01-10T21:21:34-08:00,0,0
resume/index.html,19,html,84881880,averma205,2025-01-17,12:22:32,-08:00,2025-01-17T12:22:32-08:00,0,14
resume/index.html,20,html,7d532fe5,averma205,2025-01-10,21:21:34,-08:00,2025-01-10T21:21:34-08:00,0,30
resume/index.html,21,html,7d532fe5,averma205,2025-01-10,21:21:34,-08:00,2025-01-10T21:21:34-08:00,0,67
resume/index.html,22,html,7d532fe5,averma205,2025-01-10,21:21:34,-08:00,2025-01-10T21:21:34-08:00,0,31
resume/index.html,23,html,7d532fe5,averma205,2025-01-10,21:21:34,-08:00,2025-01-10T21:21:34-08:00,0,68
resume/index.html,24,html,7d532fe5,averma205,2025-01-10,21:21:34,-08:00,2025-01-10T21:21:34-08:00,0,24
resume/index.html,25,html,7d532fe5,averma205,2025-01-10,21:21:34,-08:00,2025-01-10T21:21:34-08:00,0,43
resume/index.html,26,html,7d532fe5,averma205,2025-01-10,21:21:34,-08:00,2025-01-10T21:21:34-08:00,0,0
resume/index.html,27,html,401fd6c7,averma205,2025-01-10,20:39:01,-08:00,2025-01-10T20:39:01-08:00,0,6
projects/projects.js,1,js,f136f621,averma205,2025-02-01,20:16:50,-08:00,2025-02-01T20:16:50-08:00,0,56
projects/projects.js,2,js,fe02dfeb,averma205,2025-02-08,19:16:29,-08:00,2025-02-08T19:16:29-08:00,0,64
projects/projects.js,3,js,fe02dfeb,averma205,2025-02-08,19:16:29,-08:00,2025-02-08T19:16:29-08:00,0,0
projects/projects.js,4,js,f136f621,averma205,2025-02-01,20:16:50,-08:00,2025-02-01T20:16:50-08:00,0,56
projects/projects.js,5,js,f136f621,averma205,2025-02-01,20:16:50,-08:00,2025-02-01T20:16:50-08:00,0,61
projects/projects.js,6,js,f136f621,averma205,2025-02-01,20:16:50,-08:00,2025-02-01T20:16:50-08:00,0,50
projects/projects.js,7,js,f136f621,averma205,2025-02-01,20:16:50,-08:00,2025-02-01T20:16:50-08:00,0,0
projects/projects.js,8,js,f136f621,averma205,2025-02-01,20:16:50,-08:00,2025-02-01T20:16:50-08:00,0,22
projects/projects.js,9,js,f136f621,averma205,2025-02-01,20:16:50,-08:00,2025-02-01T20:16:50-08:00,0,37
projects/projects.js,10,js,fe02dfeb,averma205,2025-02-08,19:16:29,-08:00,2025-02-08T19:16:29-08:00,0,49
projects/projects.js,11,js,fe02dfeb,averma205,2025-02-08,19:16:29,-08:00,2025-02-08T19:16:29-08:00,0,0
projects/projects.js,12,js,fe02dfeb,averma205,2025-02-08,19:16:29,-08:00,2025-02-08T19:16:29-08:00,0,34
projects/projects.js,13,js,fe02dfeb,averma205,2025-02-08,19:16:29,-08:00,2025-02-08T19:16:29-08:00,0,58
projects/projects.js,14,js,fe02dfeb,averma205,2025-02-08,19:16:29,-08:00,2025-02-08T19:16:29-08:00,0,27
projects/projects.js,15,js,fe02dfeb,averma205,2025-02-08,19:16:29,-08:00,2025-02-08T19:16:29-08:00,0,8
projects/projects.js,16,js,fe02dfeb,averma205,2025-02-08,19:16:29,-08:00,2025-02-08T19:16:29-08:00,0,15
projects/projects.js,17,js,fe02dfeb,averma205,2025-02-08,19:16:29,-08:00,2025-02-08T19:16:29-08:00,0,13
projects/projects.js,18,js,fe02dfeb,averma205,2025-02-08,19:16:29,-08:00,2025-02-08T19:16:29-08:00,0,1
projects/projects.js,19,js,fe02dfeb,averma205,2025-02-08,19:16:29,-08:00,2025-02-08T19:16:29-08:00,0,45
projects/projects.js,20,js,fe02dfeb,averma205,2025-02-08,19:16:29,-08:00,2025-02-08T19:16:29-08:00,0,36
projects/projects.js,21,js,fe02dfeb,averma205,2025-02-08,19:16:29,-08:00,2025-02-08T19:16:29-08:00,0,2
projects/projects.js,22,js,fe02dfeb,averma205,2025-02-08,19:16:29,-08:00,2025-02-08T19:16:29-08:00,0,13
projects/projects.js,23,js,fe02dfeb,averma205,2025-02-08,19:16:29,-08:00,2025-02-08T19:16:29-08:00,0,20
projects/projects.js,24,js,fe02dfeb,averma205,2025-02-08,19:16:29,-08:00,2025-02-08T19:16:29-08:00,0,10
projects/projects.js,25,js,fe02dfeb,averma205,2025-02-08,19:16:29,-08:00,2025-02-08T19:16:29-08:00,0,0
projects/projects.js,26,js,fe02dfeb,averma205,2025-02-08,19:16:29,-08:00,2025-02-08T19:16:29-08:00,0,13
projects/projects.js,27,js,fe02dfeb,averma205,2025-02-08,19:16:29,-08:00,2025-02-08T19:16:29-08:00,0,51
projects/projects.js,28,js,fe02dfeb,averma205,2025-02-08,19:16:29,-08:00,2025-02-08T19:16:29-08:00,0,34
projects/projects.js,29,js,fe02dfeb,averma205,2025-02-08,19:16:29,-08:00,2025-02-08T19:16:29-08:00,0,46
projects/projects.js,30,js,fe02dfeb,averma205,2025-02-08,19:16:29,-08:00,2025-02-08T19:16:29-08:00,0,20
projects/projects.js,31,js,fe02dfeb,averma205,2025-02-08,19:16:29,-08:00,2025-02-08T19:16:29-08:00,0,48
projects/projects.js,32,js,fe02dfeb,averma205,2025-02-08,19:16:29,-08:00,2025-02-08T19:16:29-08:00,0,45
projects/projects.js,33,js,fe02dfeb,averma205,2025-02-08,19:16:29,-08:00,2025-02-08T19:16:29-08:00,0,16
projects/projects.js,34,js,fe02dfeb,averma205,2025-02-08,19:16:29,-08:00,2025-02-08T19:16:29-08:00,0,0
projects/projects.js,35,js,fe02dfeb,averma205,2025-02-08,19:16:29,-08:00,2025-02-08T19:16:29-08:00,0,48
projects/projects.js,36,js,fe02dfeb,averma205,2025-02-08,19:16:29,-08:00,2025-02-08T19:16:29-08:00,0,27
projects/projects.js,37,js,fe02dfeb,averma205,2025-02-08,19:16:29,-08:00,2025-02-08T19:16:29-08:00,0,15
projects/projects.js,38,js,fe02dfeb,averma205,2025-02-08,19:16:29,-08:00,2025-02-08T19:16:29-08:00,0,14
projects/projects.js,39,js,fe02dfeb,averma205,2025-02-08,19:16:29,-08:00,2025-02-08T19:16:29-08:00,0,14
projects/projects.js,40,js,fe02dfeb,averma205,2025-02-08,19:16:29,-08:00,2025-02-08T19:16:29-08:00,0,25
projects/projects.js,41,js,fe02dfeb,averma205,2025-02-08,19:16:29,-08:00,2025-02-08T19:16:29-08:00,0,1
projects/projects.js,42,js,fe02dfeb,averma205,2025-02-08,19:16:29,-08:00,2025-02-08T19:16:29-08:00,0,0
projects/projects.js,43,js,fe02dfeb,averma205,2025-02-08,19:16:29,-08:00,2025-02-08T19:16:29-08:00,0,22
projects/projects.js,44,js,fe02dfeb,averma205,2025-02-08,19:16:29,-08:00,2025-02-08T19:16:29-08:00,0,26
projects/projects.js,45,js,fe02dfeb,averma205,2025-02-08,19:16:29,-08:00,2025-02-08T19:16:29-08:00,0,30
projects/projects.js,46,js,fe02dfeb,averma205,2025-02-08,19:16:29,-08:00,2025-02-08T19:16:29-08:00,0,33
projects/projects.js,47,js,fe02dfeb,averma205,2025-02-08,19:16:29,-08:00,2025-02-08T19:16:29-08:00,0,31
projects/projects.js,48,js,fe02dfeb,averma205,2025-02-08,19:16:29,-08:00,2025-02-08T19:16:29-08:00,0,0
projects/projects.js,49,js,fe02dfeb,averma205,2025-02-08,19:16:29,-08:00,2025-02-08T19:16:29-08:00,0,25
projects/projects.js,50,js,fe02dfeb,averma205,2025-02-08,19:16:29,-08:00,2025-02-08T19:16:29-08:00,0,18
projects/projects.js,51,js,fe02dfeb,averma205,2025-02-08,19:16:29,-08:00,2025-02-08T19:16:29-08:00,0,94
projects/projects.js,52,js,fe02dfeb,averma205,2025-02-08,19:16:29,-08:00,2025-02-08T19:16:29-08:00,0,99
projects/projects.js,53,js,fe02dfeb,averma205,2025-02-08,19:16:29,-08:00,2025-02-08T19:16:29-08:00,0,19
projects/projects.js,54,js,fe02dfeb,averma205,2025-02-08,19:16:29,-08:00,2025-02-08T19:16:29-08:00,0,48
projects/projects.js,55,js,fe02dfeb,averma205,2025-02-08,19:16:29,-08:00,2025-02-08T19:16:29-08:00,0,5
projects/projects.js,56,js,fe02dfeb,averma205,2025-02-08,19:16:29,-08:00,2025-02-08T19:16:29-08:00,0,17
projects/projects.js,57,js,fe02dfeb,averma205,2025-02-08,19:16:29,-08:00,2025-02-08T19:16:29-08:00,0,25
projects/projects.js,58,js,fe02dfeb,averma205,2025-02-08,19:16:29,-08:00,2025-02-08T19:16:29-08:00,0,35
projects/projects.js,59,js,fe02dfeb,averma205,2025-02-08,19:16:29,-08:00,2025-02-08T19:16:29-08:00,0,2
projects/projects.js,60,js,fe02dfeb,averma205,2025-02-08,19:16:29,-08:00,2025-02-08T19:16:29-08:00,0,5
projects/projects.js,61,js,fe02dfeb,averma205,2025-02-08,19:16:29,-08:00,2025-02-08T19:16:29-08:00,0,15
projects/projects.js,62,js,fe02dfeb,averma205,2025-02-08,19:16:29,-08:00,2025-02-08T19:16:29-08:00,0,25
projects/projects.js,63,js,fe02dfeb,averma205,2025-02-08,19:16:29,-08:00,2025-02-08T19:16:29-08:00,0,35
projects/projects.js,64,js,fe02dfeb,averma205,2025-02-08,19:16:29,-08:00,2025-02-08T19:16:29-08:00,0,2
projects/projects.js,65,js,fe02dfeb,averma205,2025-02-08,19:16:29,-08:00,2025-02-08T19:16:29-08:00,0,0
projects/projects.js,66,js,fe02dfeb,averma205,2025-02-08,19:16:29,-08:00,2025-02-08T19:16:29-08:00,0,26
projects/projects.js,67,js,fe02dfeb,averma205,2025-02-08,19:16:29,-08:00,2025-02-08T19:16:29-08:00,0,49
projects/projects.js,68,js,fe02dfeb,averma205,2025-02-08,19:16:29,-08:00,2025-02-08T19:16:29-08:00,0,7
projects/projects.js,69,js,fe02dfeb,averma205,2025-02-08,19:16:29,-08:00,2025-02-08T19:16:29-08:00,0,71
projects/projects.js,70,js,fe02dfeb,averma205,2025-02-08,19:16:29,-08:00,2025-02-08T19:16:29-08:00,0,49
projects/projects.js,71,js,fe02dfeb,averma205,2025-02-08,19:16:29,-08:00,2025-02-08T19:16:29-08:00,0,0
projects/projects.js,72,js,fe02dfeb,averma205,2025-02-08,19:16:29,-08:00,2025-02-08T19:16:29-08:00,0,2
projects/projects.js,73,js,fe02dfeb,averma205,2025-02-08,19:16:29,-08:00,2025-02-08T19:16:29-08:00,0,1
projects/projects.js,74,js,fe02dfeb,averma205,2025-02-08,19:16:29,-08:00,2025-02-08T19:16:29-08:00,0,25
projects/projects.js,75,js,fe02dfeb,averma205,2025-02-08,19:16:29,-08:00,2025-02-08T19:16:29-08:00,0,2
projects/projects.js,76,js,fe02dfeb,averma205,2025-02-08,19:16:29,-08:00,2025-02-08T19:16:29-08:00,0,14
projects/projects.js,77,js,fe02dfeb,averma205,2025-02-08,19:16:29,-08:00,2025-02-08T19:16:29-08:00,0,14
projects/projects.js,78,js,fe02dfeb,averma205,2025-02-08,19:16:29,-08:00,2025-02-08T19:16:29-08:00,0,23
projects/projects.js,79,js,fe02dfeb,averma205,2025-02-08,19:16:29,-08:00,2025-02-08T19:16:29-08:00,0,19
projects/projects.js,80,js,fe02dfeb,averma205,2025-02-08,19:16:29,-08:00,2025-02-08T19:16:29-08:00,0,44
projects/projects.js,81,js,fe02dfeb,averma205,2025-02-08,19:16:29,-08:00,2025-02-08T19:16:29-08:00,0,2
projects/projects.js,82,js,fe02dfeb,averma205,2025-02-08,19:16:29,-08:00,2025-02-08T19:16:29-08:00,0,17
projects/projects.js,83,js,fe02dfeb,averma205,2025-02-08,19:16:29,-08:00,2025-02-08T19:16:29-08:00,0,27
projects/projects.js,84,js,fe02dfeb,averma205,2025-02-08,19:16:29,-08:00,2025-02-08T19:16:29-08:00,0,37
projects/projects.js,85,js,fe02dfeb,averma205,2025-02-08,19:16:29,-08:00,2025-02-08T19:16:29-08:00,0,2
projects/projects.js,86,js,fe02dfeb,averma205,2025-02-08,19:16:29,-08:00,2025-02-08T19:16:29-08:00,0,5
projects/projects.js,87,js,fe02dfeb,averma205,2025-02-08,19:16:29,-08:00,2025-02-08T19:16:29-08:00,0,15
projects/projects.js,88,js,fe02dfeb,averma205,2025-02-08,19:16:29,-08:00,2025-02-08T19:16:29-08:00,0,27
projects/projects.js,89,js,fe02dfeb,averma205,2025-02-08,19:16:29,-08:00,2025-02-08T19:16:29-08:00,0,37
projects/projects.js,90,js,fe02dfeb,averma205,2025-02-08,19:16:29,-08:00,2025-02-08T19:16:29-08:00,0,2
projects/projects.js,91,js,fe02dfeb,averma205,2025-02-08,19:16:29,-08:00,2025-02-08T19:16:29-08:00,0,0
projects/projects.js,92,js,fe02dfeb,averma205,2025-02-08,19:16:29,-08:00,2025-02-08T19:16:29-08:00,0,26
projects/projects.js,93,js,fe02dfeb,averma205,2025-02-08,19:16:29,-08:00,2025-02-08T19:16:29-08:00,0,49
projects/projects.js,94,js,fe02dfeb,averma205,2025-02-08,19:16:29,-08:00,2025-02-08T19:16:29-08:00,0,16
projects/projects.js,95,js,fe02dfeb,averma205,2025-02-08,19:16:29,-08:00,2025-02-08T19:16:29-08:00,0,7
projects/projects.js,96,js,fe02dfeb,averma205,2025-02-08,19:16:29,-08:00,2025-02-08T19:16:29-08:00,0,89
projects/projects.js,97,js,fe02dfeb,averma205,2025-02-08,19:16:29,-08:00,2025-02-08T19:16:29-08:00,0,49
projects/projects.js,98,js,fe02dfeb,averma205,2025-02-08,19:16:29,-08:00,2025-02-08T19:16:29-08:00,0,0
projects/projects.js,99,js,fe02dfeb,averma205,2025-02-08,19:16:29,-08:00,2025-02-08T19:16:29-08:00,0,2
projects/projects.js,100,js,fe02dfeb,averma205,2025-02-08,19:16:29,-08:00,2025-02-08T19:16:29-08:00,0,2
projects/projects.js,101,js,fe02dfeb,averma205,2025-02-08,19:16:29,-08:00,2025-02-08T19:16:29-08:00,0,0
projects/projects.js,102,js,fe02dfeb,averma205,2025-02-08,19:16:29,-08:00,2025-02-08T19:16:29-08:00,0,33
projects/projects.js,103,js,fe02dfeb,averma205,2025-02-08,19:16:29,-08:00,2025-02-08T19:16:29-08:00,0,24
projects/projects.js,104,js,fe02dfeb,averma205,2025-02-08,19:16:29,-08:00,2025-02-08T19:16:29-08:00,0,0
projects/projects.js,105,js,fe02dfeb,averma205,2025-02-08,19:16:29,-08:00,2025-02-08T19:16:29-08:00,0,14
projects/projects.js,106,js,fe02dfeb,averma205,2025-02-08,19:16:29,-08:00,2025-02-08T19:16:29-08:00,0,54
projects/projects.js,107,js,fe02dfeb,averma205,2025-02-08,19:16:29,-08:00,2025-02-08T19:16:29-08:00,0,49
projects/projects.js,108,js,fe02dfeb,averma205,2025-02-08,19:16:29,-08:00,2025-02-08T19:16:29-08:00,0,20
projects/projects.js,109,js,fe02dfeb,averma205,2025-02-08,19:16:29,-08:00,2025-02-08T19:16:29-08:00,0,26
projects/projects.js,110,js,fe02dfeb,averma205,2025-02-08,19:16:29,-08:00,2025-02-08T19:16:29-08:00,0,17
projects/projects.js,111,js,fe02dfeb,averma205,2025-02-08,19:16:29,-08:00,2025-02-08T19:16:29-08:00,0,52
projects/projects.js,112,js,fe02dfeb,averma205,2025-02-08,19:16:29,-08:00,2025-02-08T19:16:29-08:00,0,60
projects/projects.js,113,js,fe02dfeb,averma205,2025-02-08,19:16:29,-08:00,2025-02-08T19:16:29-08:00,0,43
projects/projects.js,114,js,fe02dfeb,averma205,2025-02-08,19:16:29,-08:00,2025-02-08T19:16:29-08:00,0,2
projects/projects.js,115,js,fe02dfeb,averma205,2025-02-08,19:16:29,-08:00,2025-02-08T19:16:29-08:00,0,26
projects/projects.js,116,js,fe02dfeb,averma205,2025-02-08,19:16:29,-08:00,2025-02-08T19:16:29-08:00,0,57
projects/projects.js,117,js,fe02dfeb,averma205,2025-02-08,19:16:29,-08:00,2025-02-08T19:16:29-08:00,0,29
projects/projects.js,118,js,fe02dfeb,averma205,2025-02-08,19:16:29,-08:00,2025-02-08T19:16:29-08:00,0,33
projects/projects.js,119,js,fe02dfeb,averma205,2025-02-08,19:16:29,-08:00,2025-02-08T19:16:29-08:00,0,27
projects/projects.js,120,js,fe02dfeb,averma205,2025-02-08,19:16:29,-08:00,2025-02-08T19:16:29-08:00,0,30
projects/projects.js,121,js,fe02dfeb,averma205,2025-02-08,19:16:29,-08:00,2025-02-08T19:16:29-08:00,0,32
projects/projects.js,122,js,fe02dfeb,averma205,2025-02-08,19:16:29,-08:00,2025-02-08T19:16:29-08:00,0,2
projects/index.html,1,html,af8ee4af,averma205,2025-01-10,19:44:31,-08:00,2025-01-10T19:44:31-08:00,0,14
projects/index.html,2,html,4431875b,averma205,2025-01-10,19:32:51,-08:00,2025-01-10T19:32:51-08:00,0,0
projects/index.html,3,html,af8ee4af,averma205,2025-01-10,19:44:31,-08:00,2025-01-10T19:44:31-08:00,0,15
projects/index.html,4,html,84881880,averma205,2025-01-17,12:22:32,-08:00,2025-01-17T12:22:32-08:00,1,5
projects/index.html,5,html,84881880,averma205,2025-01-17,12:22:32,-08:00,2025-01-17T12:22:32-08:00,2,22
projects/index.html,6,html,84881880,averma205,2025-01-17,12:22:32,-08:00,2025-01-17T12:22:32-08:00,2,42
projects/index.html,7,html,f136f621,averma205,2025-02-01,20:16:50,-08:00,2025-02-01T20:16:50-08:00,2,49
projects/index.html,8,html,f136f621,averma205,2025-02-01,20:16:50,-08:00,2025-02-01T20:16:50-08:00,2,48
projects/index.html,9,html,84881880,averma205,2025-01-17,12:22:32,-08:00,2025-01-17T12:22:32-08:00,1,6
projects/index.html,10,html,7ed65dcd,averma205,2025-01-10,20:52:07,-08:00,2025-01-10T20:52:07-08:00,0,0
projects/index.html,11,html,7ed65dcd,averma205,2025-01-10,20:52:07,-08:00,2025-01-10T20:52:07-08:00,0,5
projects/index.html,12,html,f136f621,averma205,2025-02-01,20:16:50,-08:00,2025-02-01T20:16:50-08:00,1,22
projects/index.html,13,html,fe02dfeb,averma205,2025-02-08,19:16:29,-08:00,2025-02-08T19:16:29-08:00,1,22
projects/index.html,14,html,fe02dfeb,averma205,2025-02-08,19:16:29,-08:00,2025-02-08T19:16:29-08:00,2,55
projects/index.html,15,html,fe02dfeb,averma205,2025-02-08,19:16:29,-08:00,2025-02-08T19:16:29-08:00,2,23
projects/index.html,16,html,fe02dfeb,averma205,2025-02-08,19:16:29,-08:00,2025-02-08T19:16:29-08:00,1,5
projects/index.html,17,html,fe02dfeb,averma205,2025-02-08,19:16:29,-08:00,2025-02-08T19:16:29-08:00,1,5
projects/index.html,18,html,fe02dfeb,averma205,2025-02-08,19:16:29,-08:00,2025-02-08T19:16:29-08:00,2,16
projects/index.html,19,html,fe02dfeb,averma205,2025-02-08,19:16:29,-08:00,2025-02-08T19:16:29-08:00,2,12
projects/index.html,20,html,fe02dfeb,averma205,2025-02-08,19:16:29,-08:00,2025-02-08T19:16:29-08:00,2,27
projects/index.html,21,html,fe02dfeb,averma205,2025-02-08,19:16:29,-08:00,2025-02-08T19:16:29-08:00,2,32
projects/index.html,22,html,fe02dfeb,averma205,2025-02-08,19:16:29,-08:00,2025-02-08T19:16:29-08:00,1,1
projects/index.html,23,html,f136f621,averma205,2025-02-01,20:16:50,-08:00,2025-02-01T20:16:50-08:00,1,27
projects/index.html,24,html,9bddd2e8,averma205,2025-01-10,21:46:56,-08:00,2025-01-10T21:46:56-08:00,0,6
meta/main.js,1,js,3da9d3a5,averma205,2025-02-14,23:50:20,-08:00,2025-02-14T23:50:20-08:00,0,13
meta/main.js,2,js,3da9d3a5,averma205,2025-02-14,23:50:20,-08:00,2025-02-14T23:50:20-08:00,0,0
meta/main.js,3,js,3da9d3a5,averma205,2025-02-14,23:50:20,-08:00,2025-02-14T23:50:20-08:00,0,58
meta/main.js,4,js,3da9d3a5,averma205,2025-02-14,23:50:20,-08:00,2025-02-14T23:50:20-08:00,0,16
meta/main.js,5,js,3da9d3a5,averma205,2025-02-14,23:50:20,-08:00,2025-02-14T23:50:20-08:00,0,2
meta/main.js,6,js,3da9d3a5,averma205,2025-02-14,23:50:20,-08:00,2025-02-14T23:50:20-08:00,0,0
meta/main.js,7,js,3da9d3a5,averma205,2025-02-14,23:50:20,-08:00,2025-02-14T23:50:20-08:00,0,46
meta/main.js,8,js,3da9d3a5,averma205,2025-02-14,23:50:20,-08:00,2025-02-14T23:50:20-08:00,0,0
meta/main.js,9,js,3da9d3a5,averma205,2025-02-14,23:50:20,-08:00,2025-02-14T23:50:20-08:00,0,26
meta/main.js,10,js,3da9d3a5,averma205,2025-02-14,23:50:20,-08:00,2025-02-14T23:50:20-08:00,0,41
meta/main.js,11,js,3da9d3a5,averma205,2025-02-14,23:50:20,-08:00,2025-02-14T23:50:20-08:00,0,6
meta/main.js,12,js,3da9d3a5,averma205,2025-02-14,23:50:20,-08:00,2025-02-14T23:50:20-08:00,0,43
meta/main.js,13,js,3da9d3a5,averma205,2025-02-14,23:50:20,-08:00,2025-02-14T23:50:20-08:00,0,24
meta/main.js,14,js,3da9d3a5,averma205,2025-02-14,23:50:20,-08:00,2025-02-14T23:50:20-08:00,0,26
meta/main.js,15,js,3da9d3a5,averma205,2025-02-14,23:50:20,-08:00,2025-02-14T23:50:20-08:00,0,50
meta/main.js,16,js,3da9d3a5,averma205,2025-02-14,23:50:20,-08:00,2025-02-14T23:50:20-08:00,0,32
meta/main.js,17,js,3da9d3a5,averma205,2025-02-14,23:50:20,-08:00,2025-02-14T23:50:20-08:00,0,3
meta/main.js,18,js,3da9d3a5,averma205,2025-02-14,23:50:20,-08:00,2025-02-14T23:50:20-08:00,0,14
meta/main.js,19,js,3da9d3a5,averma205,2025-02-14,23:50:20,-08:00,2025-02-14T23:50:20-08:00,0,18
meta/main.js,20,js,2d628cf5,averma205,2025-02-15,22:23:28,-08:00,2025-02-15T22:23:28-08:00,0,15
meta/main.js,21,js,2d628cf5,averma205,2025-02-15,22:23:28,-08:00,2025-02-15T22:23:28-08:00,0,30
meta/main.js,22,js,3da9d3a5,averma205,2025-02-14,23:50:20,-08:00,2025-02-14T23:50:20-08:00,0,0
meta/main.js,23,js,3da9d3a5,averma205,2025-02-14,23:50:20,-08:00,2025-02-14T23:50:20-08:00,0,0
meta/main.js,24,js,3da9d3a5,averma205,2025-02-14,23:50:20,-08:00,2025-02-14T23:50:20-08:00,0,26
meta/main.js,25,js,3da9d3a5,averma205,2025-02-14,23:50:20,-08:00,2025-02-14T23:50:20-08:00,0,11
meta/main.js,26,js,3da9d3a5,averma205,2025-02-14,23:50:20,-08:00,2025-02-14T23:50:20-08:00,0,29
meta/main.js,27,js,3da9d3a5,averma205,2025-02-14,23:50:20,-08:00,2025-02-14T23:50:20-08:00,0,26
meta/main.js,28,js,3da9d3a5,averma205,2025-02-14,23:50:20,-08:00,2025-02-14T23:50:20-08:00,0,20
meta/main.js,29,js,3da9d3a5,averma205,2025-02-14,23:50:20,-08:00,2025-02-14T23:50:20-08:00,0,54
meta/main.js,30,js,3da9d3a5,averma205,2025-02-14,23:50:20,-08:00,2025-02-14T23:50:20-08:00,0,10
meta/main.js,31,js,3da9d3a5,averma205,2025-02-14,23:50:20,-08:00,2025-02-14T23:50:20-08:00,0,10
meta/main.js,32,js,3da9d3a5,averma205,2025-02-14,23:50:20,-08:00,2025-02-14T23:50:20-08:00,0,60
meta/main.js,33,js,3da9d3a5,averma205,2025-02-14,23:50:20,-08:00,2025-02-14T23:50:20-08:00,0,6
meta/main.js,34,js,3da9d3a5,averma205,2025-02-14,23:50:20,-08:00,2025-02-14T23:50:20-08:00,0,4
meta/main.js,35,js,3da9d3a5,averma205,2025-02-14,23:50:20,-08:00,2025-02-14T23:50:20-08:00,0,4
meta/main.js,36,js,3da9d3a5,averma205,2025-02-14,23:50:20,-08:00,2025-02-14T23:50:20-08:00,0,8
meta/main.js,37,js,3da9d3a5,averma205,2025-02-14,23:50:20,-08:00,2025-02-14T23:50:20-08:00,0,8
meta/main.js,38,js,3da9d3a5,averma205,2025-02-14,23:50:20,-08:00,2025-02-14T23:50:20-08:00,0,58
meta/main.js,39,js,3da9d3a5,averma205,2025-02-14,23:50:20,-08:00,2025-02-14T23:50:20-08:00,0,24
meta/main.js,40,js,3da9d3a5,averma205,2025-02-14,23:50:20,-08:00,2025-02-14T23:50:20-08:00,0,1
meta/main.js,41,js,3da9d3a5,averma205,2025-02-14,23:50:20,-08:00,2025-02-14T23:50:20-08:00,0,0
meta/main.js,42,js,3da9d3a5,averma205,2025-02-14,23:50:20,-08:00,2025-02-14T23:50:20-08:00,0,36
meta/main.js,43,js,3da9d3a5,averma205,2025-02-14,23:50:20,-08:00,2025-02-14T23:50:20-08:00,0,12
meta/main.js,44,js,3da9d3a5,averma205,2025-02-14,23:50:20,-08:00,2025-02-14T23:50:20-08:00,0,39
meta/main.js,45,js,3da9d3a5,averma205,2025-02-14,23:50:20,-08:00,2025-02-14T23:50:20-08:00,0,54
meta/main.js,46,js,3da9d3a5,averma205,2025-02-14,23:50:20,-08:00,2025-02-14T23:50:20-08:00,0,2
meta/main.js,47,js,3da9d3a5,averma205,2025-02-14,23:50:20,-08:00,2025-02-14T23:50:20-08:00,0,0
meta/main.js,48,js,3da9d3a5,averma205,2025-02-14,23:50:20,-08:00,2025-02-14T23:50:20-08:00,0,10
meta/main.js,49,js,3da9d3a5,averma205,2025-02-14,23:50:20,-08:00,2025-02-14T23:50:20-08:00,0,2
meta/main.js,50,js,3da9d3a5,averma205,2025-02-14,23:50:20,-08:00,2025-02-14T23:50:20-08:00,0,0
meta/main.js,51,js,3da9d3a5,averma205,2025-02-14,23:50:20,-08:00,2025-02-14T23:50:20-08:00,0,0
meta/main.js,52,js,3da9d3a5,averma205,2025-02-14,23:50:20,-08:00,2025-02-14T23:50:20-08:00,0,24
meta/main.js,53,js,3da9d3a5,averma205,2025-02-14,23:50:20,-08:00,2025-02-14T23:50:20-08:00,0,23
meta/main.js,54,js,3da9d3a5,averma205,2025-02-14,23:50:20,-08:00,2025-02-14T23:50:20-08:00,0,16
meta/main.js,55,js,3da9d3a5,averma205,2025-02-14,23:50:20,-08:00,2025-02-14T23:50:20-08:00,0,0
meta/main.js,56,js,3da9d3a5,averma205,2025-02-14,23:50:20,-08:00,2025-02-14T23:50:20-08:00,0,23
meta/main.js,57,js,3da9d3a5,averma205,2025-02-14,23:50:20,-08:00,2025-02-14T23:50:20-08:00,0,66
meta/main.js,58,js,3da9d3a5,averma205,2025-02-14,23:50:20,-08:00,2025-02-14T23:50:20-08:00,0,13
meta/main.js,59,js,3da9d3a5,averma205,2025-02-14,23:50:20,-08:00,2025-02-14T23:50:20-08:00,0,0
meta/main.js,60,js,3da9d3a5,averma205,2025-02-14,23:50:20,-08:00,2025-02-14T23:50:20-08:00,0,15
meta/main.js,61,js,3da9d3a5,averma205,2025-02-14,23:50:20,-08:00,2025-02-14T23:50:20-08:00,0,37
meta/main.js,62,js,3da9d3a5,averma205,2025-02-14,23:50:20,-08:00,2025-02-14T23:50:20-08:00,0,33
meta/main.js,63,js,3da9d3a5,averma205,2025-02-14,23:50:20,-08:00,2025-02-14T23:50:20-08:00,0,0
meta/main.js,64,js,3da9d3a5,averma205,2025-02-14,23:50:20,-08:00,2025-02-14T23:50:20-08:00,0,19
meta/main.js,65,js,3da9d3a5,averma205,2025-02-14,23:50:20,-08:00,2025-02-14T23:50:20-08:00,0,37
meta/main.js,66,js,3da9d3a5,averma205,2025-02-14,23:50:20,-08:00,2025-02-14T23:50:20-08:00,0,36
meta/main.js,67,js,3da9d3a5,averma205,2025-02-14,23:50:20,-08:00,2025-02-14T23:50:20-08:00,0,0
meta/main.js,68,js,3da9d3a5,averma205,2025-02-14,23:50:20,-08:00,2025-02-14T23:50:20-08:00,0,17
meta/main.js,69,js,3da9d3a5,averma205,2025-02-14,23:50:20,-08:00,2025-02-14T23:50:20-08:00,0,42
meta/main.js,70,js,3da9d3a5,averma205,2025-02-14,23:50:20,-08:00,2025-02-14T23:50:20-08:00,0,100
meta/main.js,71,js,3da9d3a5,averma205,2025-02-14,23:50:20,-08:00,2025-02-14T23:50:20-08:00,0,0
meta/main.js,72,js,3da9d3a5,averma205,2025-02-14,23:50:20,-08:00,2025-02-14T23:50:20-08:00,0,18
meta/main.js,73,js,3da9d3a5,averma205,2025-02-14,23:50:20,-08:00,2025-02-14T23:50:20-08:00,0,36
meta/main.js,74,js,2d628cf5,averma205,2025-02-15,22:23:28,-08:00,2025-02-15T22:23:28-08:00,0,49
meta/main.js,75,js,3da9d3a5,averma205,2025-02-14,23:50:20,-08:00,2025-02-14T23:50:20-08:00,0,0
meta/main.js,76,js,3da9d3a5,averma205,2025-02-14,23:50:20,-08:00,2025-02-14T23:50:20-08:00,0,21
meta/main.js,77,js,3da9d3a5,averma205,2025-02-14,23:50:20,-08:00,2025-02-14T23:50:20-08:00,0,39
meta/main.js,78,js,2d628cf5,averma205,2025-02-15,22:23:28,-08:00,2025-02-15T22:23:28-08:00,0,74
meta/main.js,79,js,3da9d3a5,averma205,2025-02-14,23:50:20,-08:00,2025-02-14T23:50:20-08:00,0,0
meta/main.js,80,js,3da9d3a5,averma205,2025-02-14,23:50:20,-08:00,2025-02-14T23:50:20-08:00,0,0
meta/main.js,81,js,3da9d3a5,averma205,2025-02-14,23:50:20,-08:00,2025-02-14T23:50:20-08:00,0,30
meta/main.js,82,js,3da9d3a5,averma205,2025-02-14,23:50:20,-08:00,2025-02-14T23:50:20-08:00,0,4
meta/main.js,83,js,3da9d3a5,averma205,2025-02-14,23:50:20,-08:00,2025-02-14T23:50:20-08:00,0,31
meta/main.js,84,js,3da9d3a5,averma205,2025-02-14,23:50:20,-08:00,2025-02-14T23:50:20-08:00,0,12
meta/main.js,85,js,3da9d3a5,averma205,2025-02-14,23:50:20,-08:00,2025-02-14T23:50:20-08:00,0,1
meta/main.js,86,js,3da9d3a5,averma205,2025-02-14,23:50:20,-08:00,2025-02-14T23:50:20-08:00,0,59
meta/main.js,87,js,3da9d3a5,averma205,2025-02-14,23:50:20,-08:00,2025-02-14T23:50:20-08:00,0,31
meta/main.js,88,js,3da9d3a5,averma205,2025-02-14,23:50:20,-08:00,2025-02-14T23:50:20-08:00,0,4
meta/main.js,89,js,3da9d3a5,averma205,2025-02-14,23:50:20,-08:00,2025-02-14T23:50:20-08:00,0,15
meta/main.js,90,js,3da9d3a5,averma205,2025-02-14,23:50:20,-08:00,2025-02-14T23:50:20-08:00,0,71
meta/main.js,91,js,3da9d3a5,averma205,2025-02-14,23:50:20,-08:00,2025-02-14T23:50:20-08:00,0,1
meta/main.js,92,js,3da9d3a5,averma205,2025-02-14,23:50:20,-08:00,2025-02-14T23:50:20-08:00,0,61
meta/main.js,93,js,3da9d3a5,averma205,2025-02-14,23:50:20,-08:00,2025-02-14T23:50:20-08:00,0,0
meta/main.js,94,js,3da9d3a5,averma205,2025-02-14,23:50:20,-08:00,2025-02-14T23:50:20-08:00,0,29
meta/main.js,95,js,3da9d3a5,averma205,2025-02-14,23:50:20,-08:00,2025-02-14T23:50:20-08:00,0,18
meta/main.js,96,js,3da9d3a5,averma205,2025-02-14,23:50:20,-08:00,2025-02-14T23:50:20-08:00,0,18
meta/main.js,97,js,3da9d3a5,averma205,2025-02-14,23:50:20,-08:00,2025-02-14T23:50:20-08:00,0,0
meta/main.js,98,js,3da9d3a5,averma205,2025-02-14,23:50:20,-08:00,2025-02-14T23:50:20-08:00,0,13
meta/main.js,99,js,3da9d3a5,averma205,2025-02-14,23:50:20,-08:00,2025-02-14T23:50:20-08:00,0,16
meta/main.js,100,js,3da9d3a5,averma205,2025-02-14,23:50:20,-08:00,2025-02-14T23:50:20-08:00,0,13
meta/main.js,101,js,3da9d3a5,averma205,2025-02-14,23:50:20,-08:00,2025-02-14T23:50:20-08:00,0,41
meta/main.js,102,js,3da9d3a5,averma205,2025-02-14,23:50:20,-08:00,2025-02-14T23:50:20-08:00,0,29
meta/main.js,103,js,3da9d3a5,averma205,2025-02-14,23:50:20,-08:00,2025-02-14T23:50:20-08:00,0,0
meta/main.js,104,js,3da9d3a5,averma205,2025-02-14,23:50:20,-08:00,2025-02-14T23:50:20-08:00,0,16
meta/main.js,105,js,3da9d3a5,averma205,2025-02-14,23:50:20,-08:00,2025-02-14T23:50:20-08:00,0,11
meta/main.js,106,js,3da9d3a5,averma205,2025-02-14,23:50:20,-08:00,2025-02-14T23:50:20-08:00,0,45
meta/main.js,107,js,3da9d3a5,averma205,2025-02-14,23:50:20,-08:00,2025-02-14T23:50:20-08:00,0,17
meta/main.js,108,js,3da9d3a5,averma205,2025-02-14,23:50:20,-08:00,2025-02-14T23:50:20-08:00,0,7
meta/main.js,109,js,3da9d3a5,averma205,2025-02-14,23:50:20,-08:00,2025-02-14T23:50:20-08:00,0,66
meta/main.js,110,js,3da9d3a5,averma205,2025-02-14,23:50:20,-08:00,2025-02-14T23:50:20-08:00,0,0
meta/main.js,111,js,3da9d3a5,averma205,2025-02-14,23:50:20,-08:00,2025-02-14T23:50:20-08:00,0,50
meta/main.js,112,js,3da9d3a5,averma205,2025-02-14,23:50:20,-08:00,2025-02-14T23:50:20-08:00,0,68
meta/main.js,113,js,2d628cf5,averma205,2025-02-15,22:23:28,-08:00,2025-02-15T22:23:28-08:00,0,126
meta/main.js,114,js,3da9d3a5,averma205,2025-02-14,23:50:20,-08:00,2025-02-14T23:50:20-08:00,0,60
meta/main.js,115,js,3da9d3a5,averma205,2025-02-14,23:50:20,-08:00,2025-02-14T23:50:20-08:00,0,0
meta/main.js,116,js,3da9d3a5,averma205,2025-02-14,23:50:20,-08:00,2025-02-14T23:50:20-08:00,0,3
meta/main.js,117,js,2d628cf5,averma205,2025-02-15,22:23:28,-08:00,2025-02-15T22:23:28-08:00,0,54
meta/main.js,118,js,3da9d3a5,averma205,2025-02-14,23:50:20,-08:00,2025-02-14T23:50:20-08:00,0,13
meta/main.js,119,js,3da9d3a5,averma205,2025-02-14,23:50:20,-08:00,2025-02-14T23:50:20-08:00,0,14
meta/main.js,120,js,3da9d3a5,averma205,2025-02-14,23:50:20,-08:00,2025-02-14T23:50:20-08:00,0,37
meta/main.js,121,js,3da9d3a5,averma205,2025-02-14,23:50:20,-08:00,2025-02-14T23:50:20-08:00,0,37
meta/main.js,122,js,3da9d3a5,averma205,2025-02-14,23:50:20,-08:00,2025-02-14T23:50:20-08:00,0,38
meta/main.js,123,js,3da9d3a5,averma205,2025-02-14,23:50:20,-08:00,2025-02-14T23:50:20-08:00,0,26
meta/main.js,124,js,3da9d3a5,averma205,2025-02-14,23:50:20,-08:00,2025-02-14T23:50:20-08:00,0,25
meta/main.js,125,js,3da9d3a5,averma205,2025-02-14,23:50:20,-08:00,2025-02-14T23:50:20-08:00,0,37
meta/main.js,126,js,3da9d3a5,averma205,2025-02-14,23:50:20,-08:00,2025-02-14T23:50:20-08:00,0,80
meta/main.js,127,js,3da9d3a5,averma205,2025-02-14,23:50:20,-08:00,2025-02-14T23:50:20-08:00,0,28
meta/main.js,128,js,3da9d3a5,averma205,2025-02-14,23:50:20,-08:00,2025-02-14T23:50:20-08:00,0,29
meta/main.js,129,js,3da9d3a5,averma205,2025-02-14,23:50:20,-08:00,2025-02-14T23:50:20-08:00,0,28
meta/main.js,130,js,3da9d3a5,averma205,2025-02-14,23:50:20,-08:00,2025-02-14T23:50:20-08:00,0,1
meta/main.js,131,js,3da9d3a5,averma205,2025-02-14,23:50:20,-08:00,2025-02-14T23:50:20-08:00,0,29
meta/main.js,132,js,3da9d3a5,averma205,2025-02-14,23:50:20,-08:00,2025-02-14T23:50:20-08:00,0,81
meta/main.js,133,js,3da9d3a5,averma205,2025-02-14,23:50:20,-08:00,2025-02-14T23:50:20-08:00,0,24
meta/main.js,134,js,3da9d3a5,averma205,2025-02-14,23:50:20,-08:00,2025-02-14T23:50:20-08:00,0,29
meta/main.js,135,js,2d628cf5,averma205,2025-02-15,22:23:28,-08:00,2025-02-15T22:23:28-08:00,0,2
meta/main.js,136,js,3da9d3a5,averma205,2025-02-14,23:50:20,-08:00,2025-02-14T23:50:20-08:00,0,0
meta/main.js,137,js,3da9d3a5,averma205,2025-02-14,23:50:20,-08:00,2025-02-14T23:50:20-08:00,0,59
meta/main.js,138,js,3da9d3a5,averma205,2025-02-14,23:50:20,-08:00,2025-02-14T23:50:20-08:00,0,19
meta/main.js,139,js,3da9d3a5,averma205,2025-02-14,23:50:20,-08:00,2025-02-14T23:50:20-08:00,0,15
meta/main.js,140,js,3da9d3a5,averma205,2025-02-14,23:50:20,-08:00,2025-02-14T23:50:20-08:00,0,27
meta/main.js,141,js,3da9d3a5,averma205,2025-02-14,23:50:20,-08:00,2025-02-14T23:50:20-08:00,0,30
meta/main.js,142,js,3da9d3a5,averma205,2025-02-14,23:50:20,-08:00,2025-02-14T23:50:20-08:00,0,17
meta/main.js,143,js,3da9d3a5,averma205,2025-02-14,23:50:20,-08:00,2025-02-14T23:50:20-08:00,0,41
meta/main.js,144,js,3da9d3a5,averma205,2025-02-14,23:50:20,-08:00,2025-02-14T23:50:20-08:00,0,43
meta/main.js,145,js,3da9d3a5,averma205,2025-02-14,23:50:20,-08:00,2025-02-14T23:50:20-08:00,0,1
meta/main.js,146,js,3da9d3a5,averma205,2025-02-14,23:50:20,-08:00,2025-02-14T23:50:20-08:00,0,0
meta/main.js,147,js,3da9d3a5,averma205,2025-02-14,23:50:20,-08:00,2025-02-14T23:50:20-08:00,0,31
meta/main.js,148,js,2d628cf5,averma205,2025-02-15,22:23:28,-08:00,2025-02-15T22:23:28-08:00,0,52
meta/main.js,149,js,2d628cf5,averma205,2025-02-15,22:23:28,-08:00,2025-02-15T22:23:28-08:00,0,52
meta/main.js,150,js,2d628cf5,averma205,2025-02-15,22:23:28,-08:00,2025-02-15T22:23:28-08:00,0,24
meta/main.js,151,js,2d628cf5,averma205,2025-02-15,22:23:28,-08:00,2025-02-15T22:23:28-08:00,0,25
meta/main.js,152,js,3da9d3a5,averma205,2025-02-14,23:50:20,-08:00,2025-02-14T23:50:20-08:00,0,0
meta/main.js,153,js,3da9d3a5,averma205,2025-02-14,23:50:20,-08:00,2025-02-14T23:50:20-08:00,0,17
meta/main.js,154,js,3da9d3a5,averma205,2025-02-14,23:50:20,-08:00,2025-02-14T23:50:20-08:00,0,35
meta/main.js,155,js,3da9d3a5,averma205,2025-02-14,23:50:20,-08:00,2025-02-14T23:50:20-08:00,0,15
meta/main.js,156,js,3da9d3a5,averma205,2025-02-14,23:50:20,-08:00,2025-02-14T23:50:20-08:00,0,16
meta/main.js,157,js,3da9d3a5,averma205,2025-02-14,23:50:20,-08:00,2025-02-14T23:50:20-08:00,0,59
meta/main.js,158,js,3da9d3a5,averma205,2025-02-14,23:50:20,-08:00,2025-02-14T23:50:20-08:00,0,0
meta/main.js,159,js,3da9d3a5,averma205,2025-02-14,23:50:20,-08:00,2025-02-14T23:50:20-08:00,0,12
meta/main.js,160,js,3da9d3a5,averma205,2025-02-14,23:50:20,-08:00,2025-02-14T23:50:20-08:00,0,2
meta/main.js,161,js,3da9d3a5,averma205,2025-02-14,23:50:20,-08:00,2025-02-14T23:50:20-08:00,0,11
meta/main.js,162,js,2d628cf5,averma205,2025-02-15,22:23:28,-08:00,2025-02-15T22:23:28-08:00,0,38
meta/main.js,163,js,3da9d3a5,averma205,2025-02-14,23:50:20,-08:00,2025-02-14T23:50:20-08:00,0,12
meta/main.js,164,js,3da9d3a5,averma205,2025-02-14,23:50:20,-08:00,2025-02-14T23:50:20-08:00,0,0
meta/main.js,165,js,3da9d3a5,averma205,2025-02-14,23:50:20,-08:00,2025-02-14T23:50:20-08:00,0,12
meta/main.js,166,js,3da9d3a5,averma205,2025-02-14,23:50:20,-08:00,2025-02-14T23:50:20-08:00,0,2
meta/main.js,167,js,3da9d3a5,averma205,2025-02-14,23:50:20,-08:00,2025-02-14T23:50:20-08:00,0,11
meta/main.js,168,js,2d628cf5,averma205,2025-02-15,22:23:28,-08:00,2025-02-15T22:23:28-08:00,0,36
meta/main.js,169,js,3da9d3a5,averma205,2025-02-14,23:50:20,-08:00,2025-02-14T23:50:20-08:00,0,12
meta/main.js,170,js,3da9d3a5,averma205,2025-02-14,23:50:20,-08:00,2025-02-14T23:50:20-08:00,0,0
meta/main.js,171,js,3da9d3a5,averma205,2025-02-14,23:50:20,-08:00,2025-02-14T23:50:20-08:00,0,0
meta/main.js,172,js,3da9d3a5,averma205,2025-02-14,23:50:20,-08:00,2025-02-14T23:50:20-08:00,0,31
meta/main.js,173,js,3da9d3a5,averma205,2025-02-14,23:50:20,-08:00,2025-02-14T23:50:20-08:00,0,20
meta/main.js,174,js,3da9d3a5,averma205,2025-02-14,23:50:20,-08:00,2025-02-14T23:50:20-08:00,0,11
meta/main.js,175,js,3da9d3a5,averma205,2025-02-14,23:50:20,-08:00,2025-02-14T23:50:20-08:00,0,26
meta/main.js,176,js,2d628cf5,averma205,2025-02-15,22:23:28,-08:00,2025-02-15T22:23:28-08:00,0,37
meta/main.js,177,js,3da9d3a5,averma205,2025-02-14,23:50:20,-08:00,2025-02-14T23:50:20-08:00,0,0
meta/main.js,178,js,3da9d3a5,averma205,2025-02-14,23:50:20,-08:00,2025-02-14T23:50:20-08:00,0,65
meta/main.js,179,js,2d628cf5,averma205,2025-02-15,22:23:28,-08:00,2025-02-15T22:23:28-08:00,0,67
meta/main.js,180,js,3da9d3a5,averma205,2025-02-14,23:50:20,-08:00,2025-02-14T23:50:20-08:00,0,0
meta/main.js,181,js,3da9d3a5,averma205,2025-02-14,23:50:20,-08:00,2025-02-14T23:50:20-08:00,0,0
meta/main.js,182,js,3da9d3a5,averma205,2025-02-14,23:50:20,-08:00,2025-02-14T23:50:20-08:00,0,38
meta/main.js,183,js,3da9d3a5,averma205,2025-02-14,23:50:20,-08:00,2025-02-14T23:50:20-08:00,0,51
meta/main.js,184,js,3da9d3a5,averma205,2025-02-14,23:50:20,-08:00,2025-02-14T23:50:20-08:00,0,51
meta/main.js,185,js,3da9d3a5,averma205,2025-02-14,23:50:20,-08:00,2025-02-14T23:50:20-08:00,0,0
meta/main.js,186,js,3da9d3a5,averma205,2025-02-14,23:50:20,-08:00,2025-02-14T23:50:20-08:00,0,44
meta/main.js,187,js,3da9d3a5,averma205,2025-02-14,23:50:20,-08:00,2025-02-14T23:50:20-08:00,0,0
meta/main.js,188,js,3da9d3a5,averma205,2025-02-14,23:50:20,-08:00,2025-02-14T23:50:20-08:00,0,22
meta/main.js,189,js,3da9d3a5,averma205,2025-02-14,23:50:20,-08:00,2025-02-14T23:50:20-08:00,0,28
meta/main.js,190,js,3da9d3a5,averma205,2025-02-14,23:50:20,-08:00,2025-02-14T23:50:20-08:00,0,57
meta/main.js,191,js,3da9d3a5,averma205,2025-02-14,23:50:20,-08:00,2025-02-14T23:50:20-08:00,0,17
meta/main.js,192,js,3da9d3a5,averma205,2025-02-14,23:50:20,-08:00,2025-02-14T23:50:20-08:00,0,2
meta/main.js,193,js,3da9d3a5,averma205,2025-02-14,23:50:20,-08:00,2025-02-14T23:50:20-08:00,0,0
meta/main.js,194,js,3da9d3a5,averma205,2025-02-14,23:50:20,-08:00,2025-02-14T23:50:20-08:00,0,44
meta/main.js,195,js,3da9d3a5,averma205,2025-02-14,23:50:20,-08:00,2025-02-14T23:50:20-08:00,0,57
meta/main.js,196,js,3da9d3a5,averma205,2025-02-14,23:50:20,-08:00,2025-02-14T23:50:20-08:00,0,27
meta/main.js,197,js,2d628cf5,averma205,2025-02-15,22:23:28,-08:00,2025-02-15T22:23:28-08:00,0,16
meta/main.js,198,js,2d628cf5,averma205,2025-02-15,22:23:28,-08:00,2025-02-15T22:23:28-08:00,0,18
meta/main.js,199,js,2d628cf5,averma205,2025-02-15,22:23:28,-08:00,2025-02-15T22:23:28-08:00,0,45
meta/main.js,200,js,2d628cf5,averma205,2025-02-15,22:23:28,-08:00,2025-02-15T22:23:28-08:00,0,14
meta/main.js,201,js,2d628cf5,averma205,2025-02-15,22:23:28,-08:00,2025-02-15T22:23:28-08:00,0,3
meta/main.js,202,js,2d628cf5,averma205,2025-02-15,22:23:28,-08:00,2025-02-15T22:23:28-08:00,0,47
meta/main.js,203,js,2d628cf5,averma205,2025-02-15,22:23:28,-08:00,2025-02-15T22:23:28-08:00,0,4
meta/main.js,204,js,2d628cf5,averma205,2025-02-15,22:23:28,-08:00,2025-02-15T22:23:28-08:00,0,0
meta/main.js,205,js,2d628cf5,averma205,2025-02-15,22:23:28,-08:00,2025-02-15T22:23:28-08:00,0,12
meta/main.js,206,js,2d628cf5,averma205,2025-02-15,22:23:28,-08:00,2025-02-15T22:23:28-08:00,0,25
meta/main.js,207,js,2d628cf5,averma205,2025-02-15,22:23:28,-08:00,2025-02-15T22:23:28-08:00,0,5
meta/main.js,208,js,2d628cf5,averma205,2025-02-15,22:23:28,-08:00,2025-02-15T22:23:28-08:00,0,0
meta/main.js,209,js,3da9d3a5,averma205,2025-02-14,23:50:20,-08:00,2025-02-14T23:50:20-08:00,0,0
meta/main.js,210,js,3da9d3a5,averma205,2025-02-14,23:50:20,-08:00,2025-02-14T23:50:20-08:00,0,38
meta/main.js,211,js,3da9d3a5,averma205,2025-02-14,23:50:20,-08:00,2025-02-14T23:50:20-08:00,0,57
meta/main.js,212,js,3da9d3a5,averma205,2025-02-14,23:50:20,-08:00,2025-02-14T23:50:20-08:00,0,41
meta/main.js,213,js,3da9d3a5,averma205,2025-02-14,23:50:20,-08:00,2025-02-14T23:50:20-08:00,0,40
meta/main.js,214,js,3da9d3a5,averma205,2025-02-14,23:50:20,-08:00,2025-02-14T23:50:20-08:00,0,0
meta/main.js,215,js,3da9d3a5,averma205,2025-02-14,23:50:20,-08:00,2025-02-14T23:50:20-08:00,0,0
meta/main.js,216,js,3da9d3a5,averma205,2025-02-14,23:50:20,-08:00,2025-02-14T23:50:20-08:00,0,25
meta/main.js,217,js,3da9d3a5,averma205,2025-02-14,23:50:20,-08:00,2025-02-14T23:50:20-08:00,0,41
meta/main.js,218,js,2d628cf5,averma205,2025-02-15,22:23:28,-08:00,2025-02-15T22:23:28-08:00,0,62
meta/main.js,219,js,3da9d3a5,averma205,2025-02-14,23:50:20,-08:00,2025-02-14T23:50:20-08:00,0,55
meta/main.js,220,js,2d628cf5,averma205,2025-02-15,22:23:28,-08:00,2025-02-15T22:23:28-08:00,0,0
meta/main.js,221,js,2d628cf5,averma205,2025-02-15,22:23:28,-08:00,2025-02-15T22:23:28-08:00,0,0
meta/main.js,222,js,2d628cf5,averma205,2025-02-15,22:23:28,-08:00,2025-02-15T22:23:28-08:00,0,25
meta/main.js,223,js,2d628cf5,averma205,2025-02-15,22:23:28,-08:00,2025-02-15T22:23:28-08:00,0,0
meta/main.js,224,js,2d628cf5,averma205,2025-02-15,22:23:28,-08:00,2025-02-15T22:23:28-08:00,0,24
meta/main.js,225,js,2d628cf5,averma205,2025-02-15,22:23:28,-08:00,2025-02-15T22:23:28-08:00,0,32
meta/main.js,226,js,2d628cf5,averma205,2025-02-15,22:23:28,-08:00,2025-02-15T22:23:28-08:00,0,17
meta/main.js,227,js,2d628cf5,averma205,2025-02-15,22:23:28,-08:00,2025-02-15T22:23:28-08:00,0,22
meta/main.js,228,js,2d628cf5,averma205,2025-02-15,22:23:28,-08:00,2025-02-15T22:23:28-08:00,0,25
meta/main.js,229,js,2d628cf5,averma205,2025-02-15,22:23:28,-08:00,2025-02-15T22:23:28-08:00,0,0
meta/main.js,230,js,2d628cf5,averma205,2025-02-15,22:23:28,-08:00,2025-02-15T22:23:28-08:00,0,0
meta/main.js,231,js,2d628cf5,averma205,2025-02-15,22:23:28,-08:00,2025-02-15T22:23:28-08:00,0,34
meta/main.js,232,js,2d628cf5,averma205,2025-02-15,22:23:28,-08:00,2025-02-15T22:23:28-08:00,0,18
meta/main.js,233,js,2d628cf5,averma205,2025-02-15,22:23:28,-08:00,2025-02-15T22:23:28-08:00,0,18
meta/main.js,234,js,2d628cf5,averma205,2025-02-15,22:23:28,-08:00,2025-02-15T22:23:28-08:00,0,16
meta/main.js,235,js,2d628cf5,averma205,2025-02-15,22:23:28,-08:00,2025-02-15T22:23:28-08:00,0,11
meta/main.js,236,js,2d628cf5,averma205,2025-02-15,22:23:28,-08:00,2025-02-15T22:23:28-08:00,0,45
meta/main.js,237,js,2d628cf5,averma205,2025-02-15,22:23:28,-08:00,2025-02-15T22:23:28-08:00,0,17
meta/main.js,238,js,2d628cf5,averma205,2025-02-15,22:23:28,-08:00,2025-02-15T22:23:28-08:00,0,7
meta/main.js,239,js,2d628cf5,averma205,2025-02-15,22:23:28,-08:00,2025-02-15T22:23:28-08:00,0,66
meta/main.js,240,js,2d628cf5,averma205,2025-02-15,22:23:28,-08:00,2025-02-15T22:23:28-08:00,0,0
meta/main.js,241,js,2d628cf5,averma205,2025-02-15,22:23:28,-08:00,2025-02-15T22:23:28-08:00,0,33
meta/main.js,242,js,2d628cf5,averma205,2025-02-15,22:23:28,-08:00,2025-02-15T22:23:28-08:00,0,64
meta/main.js,243,js,2d628cf5,averma205,2025-02-15,22:23:28,-08:00,2025-02-15T22:23:28-08:00,0,64
meta/main.js,244,js,2d628cf5,averma205,2025-02-15,22:23:28,-08:00,2025-02-15T22:23:28-08:00,0,64
meta/main.js,245,js,2d628cf5,averma205,2025-02-15,22:23:28,-08:00,2025-02-15T22:23:28-08:00,0,59
meta/main.js,246,js,2d628cf5,averma205,2025-02-15,22:23:28,-08:00,2025-02-15T22:23:28-08:00,0,0
meta/main.js,247,js,2d628cf5,averma205,2025-02-15,22:23:28,-08:00,2025-02-15T22:23:28-08:00,0,0
meta/main.js,248,js,2d628cf5,averma205,2025-02-15,22:23:28,-08:00,2025-02-15T22:23:28-08:00,0,27
meta/main.js,249,js,2d628cf5,averma205,2025-02-15,22:23:28,-08:00,2025-02-15T22:23:28-08:00,0,48
meta/main.js,250,js,2d628cf5,averma205,2025-02-15,22:23:28,-08:00,2025-02-15T22:23:28-08:00,0,70
meta/main.js,251,js,2d628cf5,averma205,2025-02-15,22:23:28,-08:00,2025-02-15T22:23:28-08:00,0,0
meta/main.js,252,js,2d628cf5,averma205,2025-02-15,22:23:28,-08:00,2025-02-15T22:23:28-08:00,0,0
meta/main.js,253,js,2d628cf5,averma205,2025-02-15,22:23:28,-08:00,2025-02-15T22:23:28-08:00,0,32
meta/main.js,254,js,2d628cf5,averma205,2025-02-15,22:23:28,-08:00,2025-02-15T22:23:28-08:00,0,37
meta/main.js,255,js,2d628cf5,averma205,2025-02-15,22:23:28,-08:00,2025-02-15T22:23:28-08:00,0,33
meta/main.js,256,js,2d628cf5,averma205,2025-02-15,22:23:28,-08:00,2025-02-15T22:23:28-08:00,0,4
meta/main.js,257,js,2d628cf5,averma205,2025-02-15,22:23:28,-08:00,2025-02-15T22:23:28-08:00,0,0
meta/main.js,258,js,2d628cf5,averma205,2025-02-15,22:23:28,-08:00,2025-02-15T22:23:28-08:00,0,63
meta/main.js,259,js,2d628cf5,averma205,2025-02-15,22:23:28,-08:00,2025-02-15T22:23:28-08:00,0,29
meta/main.js,260,js,2d628cf5,averma205,2025-02-15,22:23:28,-08:00,2025-02-15T22:23:28-08:00,0,29
meta/main.js,261,js,2d628cf5,averma205,2025-02-15,22:23:28,-08:00,2025-02-15T22:23:28-08:00,0,19
meta/main.js,262,js,2d628cf5,averma205,2025-02-15,22:23:28,-08:00,2025-02-15T22:23:28-08:00,0,0
meta/main.js,263,js,2d628cf5,averma205,2025-02-15,22:23:28,-08:00,2025-02-15T22:23:28-08:00,0,22
meta/main.js,264,js,2d628cf5,averma205,2025-02-15,22:23:28,-08:00,2025-02-15T22:23:28-08:00,0,0
meta/main.js,265,js,2d628cf5,averma205,2025-02-15,22:23:28,-08:00,2025-02-15T22:23:28-08:00,0,0
meta/main.js,266,js,2d628cf5,averma205,2025-02-15,22:23:28,-08:00,2025-02-15T22:23:28-08:00,0,35
meta/main.js,267,js,2d628cf5,averma205,2025-02-15,22:23:28,-08:00,2025-02-15T22:23:28-08:00,0,37
meta/main.js,268,js,2d628cf5,averma205,2025-02-15,22:23:28,-08:00,2025-02-15T22:23:28-08:00,0,33
meta/main.js,269,js,2d628cf5,averma205,2025-02-15,22:23:28,-08:00,2025-02-15T22:23:28-08:00,0,4
meta/main.js,270,js,2d628cf5,averma205,2025-02-15,22:23:28,-08:00,2025-02-15T22:23:28-08:00,0,63
meta/main.js,271,js,2d628cf5,averma205,2025-02-15,22:23:28,-08:00,2025-02-15T22:23:28-08:00,0,0
meta/main.js,272,js,2d628cf5,averma205,2025-02-15,22:23:28,-08:00,2025-02-15T22:23:28-08:00,0,34
meta/main.js,273,js,2d628cf5,averma205,2025-02-15,22:23:28,-08:00,2025-02-15T22:23:28-08:00,0,24
meta/main.js,274,js,2d628cf5,averma205,2025-02-15,22:23:28,-08:00,2025-02-15T22:23:28-08:00,0,6
meta/main.js,275,js,2d628cf5,averma205,2025-02-15,22:23:28,-08:00,2025-02-15T22:23:28-08:00,0,0
meta/main.js,276,js,2d628cf5,averma205,2025-02-15,22:23:28,-08:00,2025-02-15T22:23:28-08:00,0,74
meta/main.js,277,js,2d628cf5,averma205,2025-02-15,22:23:28,-08:00,2025-02-15T22:23:28-08:00,0,53
meta/main.js,278,js,2d628cf5,averma205,2025-02-15,22:23:28,-08:00,2025-02-15T22:23:28-08:00,0,0
meta/main.js,279,js,2d628cf5,averma205,2025-02-15,22:23:28,-08:00,2025-02-15T22:23:28-08:00,0,43
meta/main.js,280,js,2d628cf5,averma205,2025-02-15,22:23:28,-08:00,2025-02-15T22:23:28-08:00,0,27
meta/main.js,281,js,2d628cf5,averma205,2025-02-15,22:23:28,-08:00,2025-02-15T22:23:28-08:00,0,5
meta/main.js,282,js,2d628cf5,averma205,2025-02-15,22:23:28,-08:00,2025-02-15T22:23:28-08:00,0,15
meta/main.js,283,js,2d628cf5,averma205,2025-02-15,22:23:28,-08:00,2025-02-15T22:23:28-08:00,0,12
meta/main.js,284,js,2d628cf5,averma205,2025-02-15,22:23:28,-08:00,2025-02-15T22:23:28-08:00,0,1
meta/main.js,285,js,2d628cf5,averma205,2025-02-15,22:23:28,-08:00,2025-02-15T22:23:28-08:00,0,0
meta/main.js,286,js,2d628cf5,averma205,2025-02-15,22:23:28,-08:00,2025-02-15T22:23:28-08:00,0,27
meta/main.js,287,js,2d628cf5,averma205,2025-02-15,22:23:28,-08:00,2025-02-15T22:23:28-08:00,0,24
meta/main.js,288,js,2d628cf5,averma205,2025-02-15,22:23:28,-08:00,2025-02-15T22:23:28-08:00,0,0
meta/main.js,289,js,2d628cf5,averma205,2025-02-15,22:23:28,-08:00,2025-02-15T22:23:28-08:00,0,43
meta/main.js,290,js,2d628cf5,averma205,2025-02-15,22:23:28,-08:00,2025-02-15T22:23:28-08:00,0,39
meta/main.js,291,js,2d628cf5,averma205,2025-02-15,22:23:28,-08:00,2025-02-15T22:23:28-08:00,0,47
meta/main.js,292,js,2d628cf5,averma205,2025-02-15,22:23:28,-08:00,2025-02-15T22:23:28-08:00,0,0
meta/main.js,293,js,2d628cf5,averma205,2025-02-15,22:23:28,-08:00,2025-02-15T22:23:28-08:00,0,23
meta/main.js,294,js,2d628cf5,averma205,2025-02-15,22:23:28,-08:00,2025-02-15T22:23:28-08:00,0,19
meta/main.js,295,js,2d628cf5,averma205,2025-02-15,22:23:28,-08:00,2025-02-15T22:23:28-08:00,0,37
meta/main.js,296,js,2d628cf5,averma205,2025-02-15,22:23:28,-08:00,2025-02-15T22:23:28-08:00,0,1
meta/main.js,297,js,2d628cf5,averma205,2025-02-15,22:23:28,-08:00,2025-02-15T22:23:28-08:00,0,0
meta/main.js,298,js,2d628cf5,averma205,2025-02-15,22:23:28,-08:00,2025-02-15T22:23:28-08:00,0,0
meta/main.js,299,js,2d628cf5,averma205,2025-02-15,22:23:28,-08:00,2025-02-15T22:23:28-08:00,0,16
meta/main.js,300,js,3da9d3a5,averma205,2025-02-14,23:50:20,-08:00,2025-02-14T23:50:20-08:00,0,0
meta/index.html,1,html,53945652,averma205,2025-02-14,20:23:00,-08:00,2025-02-14T20:23:00-08:00,0,14
meta/index.html,2,html,53945652,averma205,2025-02-14,20:23:00,-08:00,2025-02-14T20:23:00-08:00,0,0
meta/index.html,3,html,53945652,averma205,2025-02-14,20:23:00,-08:00,2025-02-14T20:23:00-08:00,0,15
meta/index.html,4,html,53945652,averma205,2025-02-14,20:23:00,-08:00,2025-02-14T20:23:00-08:00,0,5
meta/index.html,5,html,53945652,averma205,2025-02-14,20:23:00,-08:00,2025-02-14T20:23:00-08:00,1,18
meta/index.html,6,html,53945652,averma205,2025-02-14,20:23:00,-08:00,2025-02-14T20:23:00-08:00,1,42
meta/index.html,7,html,53945652,averma205,2025-02-14,20:23:00,-08:00,2025-02-14T20:23:00-08:00,1,49
meta/index.html,8,html,3da9d3a5,averma205,2025-02-14,23:50:20,-08:00,2025-02-14T23:50:20-08:00,0,44
meta/index.html,9,html,3da9d3a5,averma205,2025-02-14,23:50:20,-08:00,2025-02-14T23:50:20-08:00,0,52
meta/index.html,10,html,53945652,averma205,2025-02-14,20:23:00,-08:00,2025-02-14T20:23:00-08:00,0,6
meta/index.html,11,html,53945652,averma205,2025-02-14,20:23:00,-08:00,2025-02-14T20:23:00-08:00,0,0
meta/index.html,12,html,53945652,averma205,2025-02-14,20:23:00,-08:00,2025-02-14T20:23:00-08:00,0,5
meta/index.html,13,html,53945652,averma205,2025-02-14,20:23:00,-08:00,2025-02-14T20:23:00-08:00,0,12
meta/index.html,14,html,2d628cf5,averma205,2025-02-15,22:23:28,-08:00,2025-02-15T22:23:28-08:00,1,41
meta/index.html,15,html,3da9d3a5,averma205,2025-02-14,23:50:20,-08:00,2025-02-14T23:50:20-08:00,0,21
meta/index.html,16,html,2d628cf5,averma205,2025-02-15,22:23:28,-08:00,2025-02-15T22:23:28-08:00,0,8
meta/index.html,17,html,3da9d3a5,averma205,2025-02-14,23:50:20,-08:00,2025-02-14T23:50:20-08:00,0,30
meta/index.html,18,html,3da9d3a5,averma205,2025-02-14,23:50:20,-08:00,2025-02-14T23:50:20-08:00,0,21
meta/index.html,19,html,3da9d3a5,averma205,2025-02-14,23:50:20,-08:00,2025-02-14T23:50:20-08:00,0,44
meta/index.html,20,html,2d628cf5,averma205,2025-02-15,22:23:28,-08:00,2025-02-15T22:23:28-08:00,0,14
meta/index.html,21,html,2d628cf5,averma205,2025-02-15,22:23:28,-08:00,2025-02-15T22:23:28-08:00,0,3
meta/index.html,22,html,2d628cf5,averma205,2025-02-15,22:23:28,-08:00,2025-02-15T22:23:28-08:00,0,47
meta/index.html,23,html,2d628cf5,averma205,2025-02-15,22:23:28,-08:00,2025-02-15T22:23:28-08:00,0,4
meta/index.html,24,html,3da9d3a5,averma205,2025-02-14,23:50:20,-08:00,2025-02-14T23:50:20-08:00,0,0
meta/index.html,25,html,2d628cf5,averma205,2025-02-15,22:23:28,-08:00,2025-02-15T22:23:28-08:00,0,12
meta/index.html,26,html,2d628cf5,averma205,2025-02-15,22:23:28,-08:00,2025-02-15T22:23:28-08:00,0,25
meta/index.html,27,html,3da9d3a5,averma205,2025-02-14,23:50:20,-08:00,2025-02-14T23:50:20-08:00,0,0
meta/index.html,28,html,2d628cf5,averma205,2025-02-15,22:23:28,-08:00,2025-02-15T22:23:28-08:00,0,39
meta/index.html,29,html,2d628cf5,averma205,2025-02-15,22:23:28,-08:00,2025-02-15T22:23:28-08:00,0,4
meta/index.html,30,html,2d628cf5,averma205,2025-02-15,22:23:28,-08:00,2025-02-15T22:23:28-08:00,0,46
meta/index.html,31,html,2d628cf5,averma205,2025-02-15,22:23:28,-08:00,2025-02-15T22:23:28-08:00,0,46
meta/index.html,32,html,53945652,averma205,2025-02-14,20:23:00,-08:00,2025-02-14T20:23:00-08:00,0,6
meta/index.html,33,html,53945652,averma205,2025-02-14,20:23:00,-08:00,2025-02-14T20:23:00-08:00,0,6
contact/index.html,1,html,af8ee4af,averma205,2025-01-10,19:44:31,-08:00,2025-01-10T19:44:31-08:00,0,14
contact/index.html,2,html,87eae562,averma205,2025-01-10,19:33:19,-08:00,2025-01-10T19:33:19-08:00,0,0
contact/index.html,3,html,af8ee4af,averma205,2025-01-10,19:44:31,-08:00,2025-01-10T19:44:31-08:00,0,15
contact/index.html,4,html,af8ee4af,averma205,2025-01-10,19:44:31,-08:00,2025-01-10T19:44:31-08:00,0,5
contact/index.html,5,html,84881880,averma205,2025-01-17,12:22:32,-08:00,2025-01-17T12:22:32-08:00,1,21
contact/index.html,6,html,fb650584,averma205,2025-01-16,13:25:50,-08:00,2025-01-16T13:25:50-08:00,1,42
contact/index.html,7,html,b92b38a8,averma205,2025-01-26,00:01:06,-08:00,2025-01-26T00:01:06-08:00,1,49
contact/index.html,8,html,28308a61,averma205,2025-01-10,20:17:38,-08:00,2025-01-10T20:17:38-08:00,0,6
contact/index.html,9,html,28308a61,averma205,2025-01-10,20:17:38,-08:00,2025-01-10T20:17:38-08:00,0,0
contact/index.html,10,html,b3b95f5f,averma205,2025-01-10,20:52:41,-08:00,2025-01-10T20:52:41-08:00,0,5
contact/index.html,11,html,cf88316c,averma205,2025-01-10,20:59:53,-08:00,2025-01-10T20:59:53-08:00,1,15
contact/index.html,12,html,b3b95f5f,averma205,2025-01-10,20:52:41,-08:00,2025-01-10T20:52:41-08:00,0,6
contact/index.html,13,html,b3b95f5f,averma205,2025-01-10,20:52:41,-08:00,2025-01-10T20:52:41-08:00,0,0
contact/index.html,14,html,78db370e,averma205,2025-01-10,21:05:11,-08:00,2025-01-10T21:05:11-08:00,0,72
contact/index.html,15,html,1ac2a5fd,averma205,2025-01-17,19:13:02,-08:00,2025-01-17T19:13:02-08:00,1,24
contact/index.html,16,html,1ac2a5fd,averma205,2025-01-17,19:13:02,-08:00,2025-01-17T19:13:02-08:00,2,57
contact/index.html,17,html,1ac2a5fd,averma205,2025-01-17,19:13:02,-08:00,2025-01-17T19:13:02-08:00,1,7
contact/index.html,18,html,1ac2a5fd,averma205,2025-01-17,19:13:02,-08:00,2025-01-17T19:13:02-08:00,1,28
contact/index.html,19,html,1ac2a5fd,averma205,2025-01-17,19:13:02,-08:00,2025-01-17T19:13:02-08:00,2,60
contact/index.html,20,html,1ac2a5fd,averma205,2025-01-17,19:13:02,-08:00,2025-01-17T19:13:02-08:00,1,7
contact/index.html,21,html,1ac2a5fd,averma205,2025-01-17,19:13:02,-08:00,2025-01-17T19:13:02-08:00,1,22
contact/index.html,22,html,1ac2a5fd,averma205,2025-01-17,19:13:02,-08:00,2025-01-17T19:13:02-08:00,2,44
contact/index.html,23,html,1ac2a5fd,averma205,2025-01-17,19:13:02,-08:00,2025-01-17T19:13:02-08:00,1,7
contact/index.html,24,html,34db086f,averma205,2025-01-10,21:38:25,-08:00,2025-01-10T21:38:25-08:00,1,26
contact/index.html,25,html,28308a61,averma205,2025-01-10,20:17:38,-08:00,2025-01-10T20:17:38-08:00,0,6
